PLAYER_NAME,BBR_PLAYER_ID,TEAM_ABBREVIATION,DWS,DBPM,DRB_PCT,STL_PCT,BLK_PCT
Victor Wembanyama,wembavi01,SAS,5.0,4.2,33.9,1.7,9.4
Chet Holmgren,holmgch01,OKC,4.7,1.9,25.3,1.0,6.4
Scottie Barnes,barnesc01,TOR,4.5,2.3,19.3,2.1,4.2
Cason Wallace,wallaca01,OKC,4.2,3.3,8.9,3.5,1.3
Ausar Thompson,thompau01,DET,4.1,3.6,15.6,3.7,3.6
Shai Gilgeous-Alexander,gilgesh01,OKC,4.1,3.0,11.7,2.0,2.3
Rudy Gobert,goberru01,MIN,4.0,0.9,25.9,1.2,4.5
Karl-Anthony Towns,townska01,NYK,4.0,0.6,31.7,1.4,1.8
Jalen Johnson,johnsja05,ATL,3.9,1.4,27.8,1.7,1.1
Amen Thompson,thompam01,HOU,3.8,1.0,14.0,2.0,1.5
Jalen Duren,durenja01,DET,3.8,0.5,26.4,1.4,3.0
Neemias Queta,quetane01,BOS,3.6,2.0,22.7,1.6,5.2
Dyson Daniels,daniedy01,ATL,3.6,1.8,14.7,2.8,1.1
Alperen Şengün,sengual01,HOU,3.6,1.5,19.4,1.8,3.0
Cade Cunningham,cunnica01,DET,3.6,1.5,15.2,2.0,2.5
Bam Adebayo,adebaba01,MIA,3.6,0.4,25.7,1.7,1.8
Derrick White,whitede01,BOS,3.5,1.0,10.4,1.7,3.8
Donovan Clingan,clingdo01,POR,3.5,0.6,28.6,1.0,5.5
Nikola Jokić,jokicni01,DEN,3.4,4.1,30.4,2.0,2.2
Julian Champagnie,champju02,SAS,3.4,0.8,18.4,1.3,1.5
Jaylen Brown,brownja02,BOS,3.4,-0.1,18.1,1.5,1.1
Mikal Bridges,bridgmi01,NYK,3.3,1.4,9.7,2.0,2.4
Onyeka Okongwu,okongon01,ATL,3.3,0.8,20.3,1.7,3.1
Jabari Smith Jr.,smithja05,HOU,3.3,-0.2,17.0,1.0,2.4
OG Anunoby,anunoog01,NYK,3.2,1.1,13.4,2.3,2.2
Naz Reid,reidna01,MIN,3.2,1.0,20.8,1.8,3.4
Kevin Durant,duranke01,HOU,3.2,0.1,14.8,1.1,2.3
Reed Sheppard,sheppre01,HOU,3.1,1.5,10.7,2.8,2.3
Julius Randle,randlju01,MIN,3.1,0.0,16.5,1.6,0.6
Brandon Ingram,ingrabr01,TOR,3.1,-0.5,16.1,1.1,2.0
Josh Hart,hartjo01,NYK,3.0,2.0,22.1,1.9,0.9
Luguentz Dort,dortlu01,OKC,3.0,0.8,10.7,1.6,1.4
De'Aaron Fox,foxde01,SAS,3.0,0.6,10.7,1.9,0.8
Kel'el Ware,wareke01,MIA,3.0,0.1,29.2,1.6,4.4
Paolo Banchero,banchpa01,ORL,3.0,0.0,23.4,1.0,1.4
Ron Holland,hollaro01,DET,2.9,1.4,16.5,2.9,1.7
Luka Dončić,doncilu01,LAL,2.9,1.3,22.5,2.2,1.4
Evan Mobley,mobleev01,CLE,2.9,1.2,22.7,1.1,5.2
Stephon Castle,castlst01,SAS,2.9,0.9,13.5,1.8,0.8
Donte DiVincenzo,divindo01,MIN,2.9,0.7,11.6,2.0,1.2
Isaiah Hartenstein,harteis01,OKC,2.8,3.2,27.0,2.0,3.1
Jaylin Williams,willija07,OKC,2.8,2.8,26.6,1.2,3.2
Moussa Diabaté,diabamo01,CHO,2.8,1.2,21.1,1.5,3.5
Tyrese Maxey,maxeyty01,PHI,2.8,0.5,11.0,2.4,1.9
Wendell Carter Jr.,cartewe01,ORL,2.8,0.5,20.5,1.3,1.9
Javonte Green,greenja02,DET,2.7,2.4,12.8,3.4,1.7
Royce O'Neale,onealro01,PHO,2.7,1.0,16.3,1.9,1.4
Tobias Harris,harrito02,DET,2.7,0.8,16.9,1.6,1.5
Jaden McDaniels,mcdanja02,MIN,2.7,0.6,10.9,1.7,2.7
Kawhi Leonard,leonaka01,LAC,2.7,0.6,18.6,2.9,1.2
Toumani Camara,camarto01,POR,2.7,0.0,11.7,1.6,1.1
Anthony Edwards,edwaran01,MIN,2.7,-0.1,13.4,1.9,2.0
Nickeil Alexander-Walker,alexani01,ATL,2.7,-0.4,9.1,1.9,1.5
Oso Ighodaro,ighodos01,PHO,2.6,2.3,17.8,2.0,3.0
Ajay Mitchell,mitchaj01,OKC,2.6,1.6,10.6,2.3,1.2
Immanuel Quickley,quickim01,TOR,2.6,0.6,12.5,2.0,0.2
Devin Vassell,vassede01,SAS,2.6,0.3,11.8,1.3,1.1
LaMelo Ball,ballla01,CHO,2.6,-0.1,15.5,2.1,0.8
Desmond Bane,banede01,ORL,2.6,-0.2,9.8,1.5,1.2
Keldon Johnson,johnske04,SAS,2.6,-0.3,16.6,1.2,0.5
Mitchell Robinson,robinmi01,NYK,2.5,1.5,26.1,2.4,6.1
Sandro Mamukelashvili,mamuksa01,TOR,2.5,0.7,18.8,1.8,2.3
Aaron Wiggins,wiggiaa01,OKC,2.5,0.7,11.7,2.1,1.9
Collin Gillespie,gilleco01,PHO,2.5,0.6,12.0,2.1,0.7
Cooper Flagg,flaggco01,DAL,2.5,0.4,17.0,1.7,2.3
VJ Edgecombe,edgecvj01,PHI,2.5,-0.1,12.7,2.0,1.4
Miles Bridges,bridgmi02,CHO,2.5,-0.1,17.4,1.0,1.3
Kon Knueppel,knuepko01,CHO,2.5,-0.4,14.6,1.1,0.7
Jalen Suggs,suggsja01,ORL,2.4,1.8,13.2,3.2,2.3
Jordan Goodwin,goodwjo01,PHO,2.4,1.5,14.8,3.3,0.9
Anthony Black,blackan01,ORL,2.4,0.7,11.6,2.3,2.1
Deni Avdija,avdijde01,POR,2.4,0.6,19.0,1.1,1.7
Isaiah Joe,joeis01,OKC,2.4,0.5,10.2,1.6,0.7
Brandon Miller,millebr02,CHO,2.4,-0.1,14.0,1.7,2.1
Donovan Mitchell,mitchdo01,CLE,2.4,-0.2,12.4,2.1,0.8
Payton Pritchard,pritcpa01,BOS,2.4,-0.3,10.2,1.1,0.4
Luke Kornet,kornelu01,SAS,2.3,2.1,17.0,1.1,4.0
Kris Dunn,dunnkr01,LAC,2.3,1.5,10.8,2.9,0.6
Derik Queen,queende01,NOP,2.3,0.7,23.5,2.0,3.5
Andrew Wiggins,wiggian01,MIA,2.3,0.5,10.8,1.7,3.0
Mark Williams,willima07,PHO,2.3,0.5,23.7,1.9,3.7
Tari Eason,easonta01,HOU,2.3,0.2,17.8,2.3,1.7
Brandin Podziemski,podzibr01,GSW,2.3,-0.1,16.9,1.8,0.6
Duncan Robinson,robindu01,DET,2.3,-0.1,9.2,1.0,1.0
Alex Caruso,carusal01,OKC,2.2,3.3,13.0,3.4,1.6
Dylan Harper,harpedy01,SAS,2.2,1.1,12.1,1.7,1.4
Jarrett Allen,allenja01,CLE,2.2,0.4,24.0,1.7,2.9
Jalen Brunson,brunsja01,NYK,2.2,-0.9,9.4,1.1,0.3
Deandre Ayton,aytonde01,LAL,2.2,-0.9,22.6,1.0,3.3
Paul Reed,reedpa01,DET,2.1,2.9,20.1,3.1,6.6
Ryan Kalkbrenner,kalkbry01,CHO,2.1,1.3,15.7,1.1,6.3
Isaiah Stewart,stewais01,DET,2.1,1.1,16.3,0.6,7.0
Draymond Green,greendr01,GSW,2.1,1.0,19.5,1.6,2.1
Jake LaRavia,laravja01,LAL,2.1,0.5,11.5,2.5,1.7
LeBron James,jamesle01,LAL,2.1,0.2,18.3,1.8,1.6
Harrison Barnes,barneha02,SAS,2.1,0.1,7.9,1.2,0.5
Tristan Da Silva,dasiltr01,ORL,2.1,0.1,13.4,1.7,1.2
Sam Hauser,hausesa01,BOS,2.1,0.0,13.6,1.0,1.2
Matas Buzelis,buzelma01,CHI,2.1,-0.4,17.3,1.1,4.5
James Harden,hardeja01,2TM,2.1,-0.8,13.6,1.6,1.1
Robert Williams,williro04,POR,2.0,2.4,29.9,1.7,7.7
P.J. Washington,washipj01,DAL,2.0,0.1,18.7,1.5,2.9
Daniss Jenkins,jenkida01,DET,2.0,0.1,8.7,2.1,1.0
Jamal Shead,sheadja01,TOR,2.0,0.0,7.2,2.0,0.8
Jaime Jaquez Jr.,jaqueja01,MIA,2.0,-0.1,13.7,1.1,0.9
RJ Barrett,barrerj01,TOR,2.0,-0.7,16.3,1.2,1.1
Dru Smith,smithdr01,MIA,1.9,3.6,10.2,4.1,1.6
Jordan Walsh,walshjo01,BOS,1.9,1.6,16.6,2.0,2.6
Collin Murray-Boyles,murraco01,TOR,1.9,1.5,14.0,2.0,4.1
Jay Huff,huffja01,IND,1.9,1.3,16.2,1.1,7.6
Ryan Dunn,dunnry01,PHO,1.9,1.2,16.8,2.2,2.0
Sion James,jamessi01,CHO,1.9,1.1,14.3,1.4,1.0
Ja'Kobe Walter,walteja01,TOR,1.9,1.0,10.0,2.4,0.9
Nikola Vučević,vucevni01,2TM,1.9,0.1,23.9,1.0,2.0
Zaccharie Risacher,risacza01,ATL,1.9,-0.2,13.6,1.9,2.2
Andre Drummond,drumman01,PHI,1.9,-0.2,29.8,1.5,3.7
Caris LeVert,leverca01,DET,1.8,1.5,9.0,2.1,3.5
Jakob Poeltl,poeltja01,TOR,1.8,1.4,20.8,1.7,2.7
Baylor Scheierman,scheiba01,BOS,1.8,1.3,16.0,1.5,0.4
Mouhamed Gueye,gueyemo02,ATL,1.8,1.3,17.4,2.4,3.0
Dominick Barlow,barlodo01,PHI,1.8,0.4,13.5,1.8,2.9
Brook Lopez,lopezbr01,LAC,1.8,0.4,15.7,1.4,5.0
Naji Marshall,marshna01,DAL,1.8,0.1,13.6,1.8,0.2
Bruce Brown,brownbr01,DEN,1.8,0.1,12.5,2.1,0.9
Myles Turner,turnemy01,MIL,1.8,0.0,17.8,1.3,6.0
Ryan Rollins,rolliry01,MIL,1.8,-0.5,13.4,2.3,1.3
John Collins,collijo01,LAC,1.8,-0.5,15.6,1.6,2.6
Devin Booker,bookede01,PHO,1.8,-1.0,10.7,1.2,0.8
Hugo González,gonzahu01,BOS,1.7,1.6,18.3,2.0,2.0
Daniel Gafford,gaffoda01,DAL,1.7,1.2,21.1,1.7,4.9
Jalen Williams,willija06,OKC,1.7,1.0,13.9,2.0,0.9
Clint Capela,capelca01,HOU,1.7,0.9,21.8,1.9,6.3
Kevin Huerter,huertke01,2TM,1.7,0.5,14.2,1.9,1.9
Davion Mitchell,mitchda01,MIA,1.7,0.4,8.0,1.6,0.5
Josh Giddey,giddejo01,CHI,1.7,0.4,23.1,1.5,1.4
Norman Powell,powelno01,MIA,1.7,-0.3,11.0,1.7,0.7
Jaylon Tyson,tysonja01,CLE,1.7,-0.5,13.6,1.5,1.5
Quentin Grimes,grimequ01,PHI,1.7,-0.6,11.4,1.4,1.2
Jamal Murray,murraja01,DEN,1.7,-1.4,12.0,1.2,1.0
Goga Bitadze,bitadgo01,ORL,1.6,2.0,21.2,1.8,5.7
Josh Okogie,okogijo01,HOU,1.6,1.1,9.6,2.3,1.1
Marcus Smart,smartma01,LAL,1.6,0.6,8.7,2.4,1.2
Grayson Allen,allengr01,PHO,1.6,0.2,9.2,2.3,0.8
Kelly Oubre Jr.,oubreke01,PHI,1.6,-0.1,14.2,2.1,1.4
Peyton Watson,watsope01,DEN,1.6,-0.5,14.4,1.5,3.6
Trey Murphy III,murphtr02,NOP,1.6,-0.6,14.6,2.0,1.0
Shaedon Sharpe,sharpsh01,POR,1.6,-0.9,12.4,2.3,0.4
Ivica Zubac,zubaciv01,2TM,1.6,-0.9,27.2,0.6,2.6
Dillon Brooks,brookdi01,PHO,1.6,-1.3,10.8,1.7,0.5
Craig Porter Jr.,portecr01,CLE,1.5,1.9,12.9,2.4,3.1
Gary Payton II,paytoga02,GSW,1.5,1.3,16.3,2.8,1.7
Day'Ron Sharpe,sharpda01,BRK,1.5,1.0,25.7,2.9,2.1
Jarred Vanderbilt,vandeja01,LAL,1.5,0.9,21.3,2.4,1.6
Nic Claxton,claxtni01,BRK,1.5,0.6,19.9,1.2,3.7
Gui Santos,santogu01,GSW,1.5,0.3,15.6,2.1,1.5
Adem Bona,bonaad01,PHI,1.5,0.3,16.0,1.2,6.2
Kenrich Williams,willike04,OKC,1.5,0.3,15.6,1.8,0.6
De'Anthony Melton,meltode01,GSW,1.5,0.1,12.0,3.3,1.6
Pelle Larsson,larsspe01,MIA,1.5,0.0,9.9,1.2,0.8
Jrue Holiday,holidjr01,POR,1.5,-0.5,12.3,1.7,0.3
Jarace Walker,walkeja02,IND,1.5,-0.7,19.5,1.5,1.1
Ivica Zubac,zubaciv01,LAC,1.5,-0.7,27.7,0.6,2.6
Pascal Siakam,siakapa01,IND,1.5,-1.0,17.4,1.6,1.0
Dean Wade,wadede01,CLE,1.4,1.0,16.1,1.6,1.7
Will Richard,richawi02,GSW,1.4,0.9,8.7,2.8,0.6
Paul George,georgpa01,PHI,1.4,0.7,17.1,2.6,1.3
Luka Garza,garzalu01,BOS,1.4,0.2,12.0,1.2,2.5
Luke Kennard,kennalu01,2TM,1.4,0.1,10.0,1.6,0.4
Moses Moody,moodymo01,GSW,1.4,-0.3,11.0,1.8,2.0
Collin Sexton,sextoco01,2TM,1.4,-0.5,7.6,2.3,0.6
Max Christie,chrisma02,DAL,1.4,-0.6,10.9,1.0,1.0
Austin Reaves,reaveau01,LAL,1.4,-0.6,13.3,1.6,1.1
Jerami Grant,grantje01,POR,1.4,-0.9,9.3,1.2,1.9
Jeremiah Fears,fearsje01,NOP,1.4,-1.3,12.4,2.2,1.3
Al Horford,horfoal01,GSW,1.3,1.3,20.5,1.5,4.9
Kevin Porter Jr.,porteke02,MIL,1.3,1.2,14.6,3.2,1.5
Kris Murray,murrakr01,POR,1.3,0.8,9.6,1.8,1.5
Jaren Jackson Jr.,jacksja02,2TM,1.3,0.5,17.4,1.7,4.4
Sidy Cissoko,cissosi01,POR,1.3,0.5,8.0,1.7,1.5
Bones Hyland,hylanbo01,MIN,1.3,0.5,9.5,1.8,1.3
Jaren Jackson Jr.,jacksja02,MEM,1.3,0.4,17.4,1.6,4.5
Brandon Williams,willibr03,DAL,1.3,0.3,11.6,2.0,1.2
Vít Krejčí,krejcvi01,2TM,1.3,0.0,9.3,1.6,1.2
Nikola Vučević,vucevni01,CHI,1.3,-0.1,23.4,1.0,1.8
Joel Embiid,embiijo01,PHI,1.3,-0.2,20.0,0.8,3.6
Ayo Dosunmu,dosunay01,2TM,1.3,-0.3,10.7,1.5,0.8
Gradey Dick,dickgr01,TOR,1.3,-0.4,11.3,2.1,0.6
Kyle Filipowski,filipky01,UTA,1.3,-0.5,25.1,1.9,2.1
James Harden,hardeja01,LAC,1.3,-1.0,13.4,1.8,1.0
Michael Porter Jr.,portemi01,BRK,1.3,-1.2,21.7,1.6,0.7
John Konchar,konchjo01,2TM,1.2,2.2,16.5,3.5,3.2
Keon Ellis,elliske01,2TM,1.2,1.3,7.3,2.7,2.9
Josh Minott,minotjo01,2TM,1.2,1.1,14.8,2.6,2.8
Isaiah Jackson,jacksis01,2TM,1.2,0.8,21.8,1.9,4.8
Nicolas Batum,batumni01,LAC,1.2,0.7,14.1,1.8,1.7
Jaxson Hayes,hayesja02,LAL,1.2,0.4,16.1,1.2,4.0
Jose Alvarado,alvarjo01,2TM,1.2,0.3,11.6,2.3,0.6
Carter Bryant,bryanca01,SAS,1.2,0.2,17.9,0.9,2.5
Spencer Jones,jonessp01,DEN,1.2,0.0,10.1,1.8,1.9
Quinten Post,postqu01,GSW,1.2,-0.1,19.7,1.1,2.8
Simone Fontecchio,fontesi01,MIA,1.2,-0.2,13.8,1.5,0.7
CJ McCollum,mccolcj01,ATL,1.2,-0.7,8.3,1.6,2.0
Jared McCain,mccaija01,2TM,1.2,-0.8,10.6,1.5,0.4
Stephen Curry,curryst01,GSW,1.2,-1.0,11.7,1.8,1.2
Noah Clowney,clownno01,BRK,1.2,-1.1,15.3,1.4,2.3
Precious Achiuwa,achiupr01,SAC,1.2,-1.1,20.8,1.8,2.6
Bobby Portis,portibo01,MIL,1.2,-1.6,23.5,1.2,0.7
Giannis Antetokounmpo,antetgi01,MIL,1.1,1.8,27.4,1.6,2.3
Jusuf Nurkić,nurkiju01,UTA,1.1,1.6,32.6,2.3,2.0
Herbert Jones,joneshe01,NOP,1.1,0.6,9.8,2.7,1.6
Jimmy Butler,butleji01,GSW,1.1,0.5,11.8,2.3,0.6
Ziaire Williams,willizi02,BRK,1.1,0.4,10.0,2.9,1.5
Miles McBride,mcbrimi01,NYK,1.1,0.2,7.9,1.6,0.9
Tre Jones,jonestr01,CHI,1.1,0.1,9.9,2.0,0.5
Nae'Qwan Tomlin,tomlina01,CLE,1.1,0.1,10.9,2.0,3.2
Derrick Jones Jr.,jonesde02,LAC,1.1,-0.1,9.4,1.7,3.5
Rayan Rupert,ruperra01,2TM,1.1,-0.1,14.4,2.4,0.8
Franz Wagner,wagnefr01,ORL,1.1,-0.2,14.8,1.5,1.0
Yves Missi,missiyv01,NOP,1.1,-0.3,17.0,0.7,7.4
Jonas Valančiūnas,valanjo01,DEN,1.1,-0.5,27.5,0.8,4.0
Cedric Coward,cowarce01,MEM,1.1,-0.6,19.4,1.2,1.6
Jalen Smith,smithja04,CHI,1.1,-0.9,24.6,1.0,3.3
Jock Landale,landajo01,2TM,1.1,-1.0,14.9,1.1,2.2
Anfernee Simons,simonan01,BOS,1.1,-1.0,8.2,1.1,0.5
Anfernee Simons,simonan01,2TM,1.1,-1.3,8.1,1.0,0.6
Bennedict Mathurin,mathube01,2TM,1.1,-1.4,16.5,1.3,0.7
Rui Hachimura,hachiru01,LAL,1.1,-1.5,10.9,1.0,1.0
Matisse Thybulle,thybuma01,POR,1.0,6.1,9.6,6.0,3.0
Lonzo Ball,balllo01,CLE,1.0,1.8,17.2,3.0,1.2
Jayson Tatum,tatumja01,BOS,1.0,1.8,31.3,2.1,0.6
Dwight Powell,poweldw01,DAL,1.0,1.5,18.7,1.8,2.0
Mike Conley,conlemi01,MIN,1.0,1.0,8.2,1.7,1.2
Anthony Davis,davisan02,DAL,1.0,0.9,26.7,1.7,4.5
Jaylen Clark,clarkja02,MIN,1.0,0.7,8.0,2.5,0.9
Noah Penda,pendano01,ORL,1.0,0.6,17.9,1.9,2.2
Santi Aldama,aldamsa01,MEM,1.0,0.4,20.2,1.5,2.4
Kristaps Porziņģis,porzikr01,2TM,1.0,0.3,18.5,1.1,4.5
Branden Carlson,carlsbr01,OKC,1.0,0.3,20.3,0.8,5.4
Landry Shamet,shamela01,NYK,1.0,0.1,6.6,1.3,0.8
Vít Krejčí,krejcvi01,ATL,1.0,0.0,8.4,1.7,1.1
Nikola Jović,jovicni01,MIA,1.0,-0.1,16.5,1.5,1.9
Kobe Sanders,sandeko01,LAC,1.0,-0.2,10.4,1.8,0.7
Danny Wolf,wolfda01,BRK,1.0,-0.3,23.2,1.2,2.5
Steven Adams,adamsst01,HOU,1.0,-0.3,19.6,1.5,2.5
Jordan Miller,millejo02,LAC,1.0,-0.4,11.3,1.7,0.8
Tyler Herro,herroty01,MIA,1.0,-0.4,14.6,1.0,1.0
Guerschon Yabusele,yabusgu01,2TM,1.0,-0.5,19.0,1.2,1.5
Zion Williamson,willizi01,NOP,1.0,-0.6,13.5,1.6,1.7
Pat Spencer,spencpa01,GSW,1.0,-0.6,9.9,1.9,0.4
Cameron Johnson,johnsca02,DEN,1.0,-0.9,10.6,1.2,1.2
Jalen Green,greenja05,PHO,1.0,-0.9,13.9,2.0,0.9
Patrick Williams,willipa01,CHI,1.0,-1.1,11.8,1.6,1.5
Kyle Kuzma,kuzmaky01,MIL,1.0,-1.3,15.9,1.3,1.5
De'Andre Hunter,huntede01,CLE,1.0,-1.3,14.9,1.3,0.5
Jordan Clarkson,clarkjo01,NYK,1.0,-1.4,5.7,1.2,0.7
De'Andre Hunter,huntede01,2TM,1.0,-1.5,14.5,1.2,0.5
Maxime Raynaud,raynama01,SAC,1.0,-1.6,24.3,0.9,1.8
CJ McCollum,mccolcj01,2TM,1.0,-1.7,9.2,1.3,1.4
Saddiq Bey,beysa01,NOP,1.0,-1.8,13.5,1.4,0.3
Tim Hardaway Jr.,hardati02,DEN,1.0,-1.9,9.5,1.0,0.4
Caleb Martin,martica02,DAL,0.9,1.7,14.1,2.2,1.5
Kevin Huerter,huertke01,DET,0.9,1.4,12.9,2.6,1.4
Josh Green,greenjo02,CHO,0.9,1.0,7.0,1.9,0.6
Moussa Cisse,cissemo01,DAL,0.9,0.7,25.2,1.7,7.2
Justin Edwards,edwarju01,PHI,0.9,0.6,7.7,2.7,1.1
Kasparas Jakučionis,jakucka01,MIA,0.9,0.6,10.5,1.6,0.7
Dylan Cardwell,cardwdy01,SAC,0.9,0.6,23.5,1.6,6.8
Karlo Matković,matkoka01,NOP,0.9,0.4,18.8,1.3,5.6
Luke Kennard,kennalu01,ATL,0.9,0.3,9.3,1.7,0.5
Jaden Ivey,iveyja01,2TM,0.9,0.2,10.9,1.6,2.0
Alex Sarr,sarral01,WAS,0.9,-0.1,20.9,1.4,6.4
Collin Sexton,sextoco01,CHO,0.9,-0.4,7.3,1.9,0.7
Jonathan Kuminga,kuminjo01,2TM,0.9,-0.5,20.7,1.3,1.2
Thomas Bryant,bryanth01,CLE,0.9,-0.7,21.9,1.2,3.4
Rob Dillingham,dilliro01,2TM,0.9,-0.9,12.2,2.3,0.5
Russell Westbrook,westbru01,SAC,0.9,-1.0,16.6,2.2,0.6
Sam Merrill,merrisa01,CLE,0.9,-1.0,8.4,1.2,0.5
GG Jackson II,jacksgg01,MEM,0.9,-1.2,17.4,1.2,3.4
Ousmane Dieng,diengou01,2TM,0.9,-1.2,15.2,1.1,1.5
Klay Thompson,thompkl01,DAL,0.9,-1.5,8.8,1.0,1.2
Darius Garland,garlada01,2TM,0.9,-2.4,7.4,1.6,0.6
Keon Ellis,elliske01,CLE,0.8,1.7,8.7,2.5,3.2
Kyle Anderson,anderky01,3TM,0.8,1.7,13.8,2.5,2.8
Josh Minott,minotjo01,BOS,0.8,1.4,16.0,2.3,2.3
Ariel Hukporti,hukpoar01,NYK,0.8,1.4,23.2,0.9,5.3
Jonathan Isaac,isaacjo01,ORL,0.8,1.3,19.3,1.8,5.4
Jamaree Bouyea,bouyeja01,PHO,0.8,1.1,11.4,2.2,2.4
Grant Williams,willigr01,CHO,0.8,1.0,15.0,1.2,2.3
Ayo Dosunmu,dosunay01,MIN,0.8,0.8,13.5,1.7,0.7
Tyus Jones,jonesty01,3TM,0.8,0.5,7.2,1.8,0.3
T.J. McConnell,mccontj01,IND,0.8,0.4,11.8,2.8,0.9
Isaiah Jackson,jacksis01,IND,0.8,0.4,21.8,1.9,3.9
Jevon Carter,carteje01,2TM,0.8,0.4,9.6,2.2,1.0
Tidjane Salaün,salauti01,CHO,0.8,0.4,23.7,1.4,1.1
Trendon Watford,watfotr01,PHI,0.8,0.2,17.5,0.9,2.4
Tyler Kolek,kolekty01,NYK,0.8,0.2,12.7,1.5,0.6
Kevin Huerter,huertke01,CHI,0.8,0.1,14.8,1.6,2.2
Buddy Hield,hieldbu01,GSW,0.8,0.0,12.1,2.3,1.1
Buddy Hield,hieldbu01,2TM,0.8,-0.1,12.3,2.3,1.0
James Harden,hardeja01,CLE,0.8,-0.4,13.8,1.2,1.3
Bilal Coulibaly,coulibi01,WAS,0.8,-0.4,14.5,2.4,3.2
Ochai Agbaji,agbajoc01,2TM,0.8,-0.5,11.5,1.2,1.7
Jabari Walker,walkeja01,PHI,0.8,-0.6,17.4,1.5,1.6
Rasheer Fleming,flemira01,PHO,0.8,-0.7,11.4,1.6,3.0
Christian Braun,braunch01,DEN,0.8,-0.9,11.5,1.0,0.8
Taylor Hendricks,hendrta01,2TM,0.8,-0.9,15.4,2.1,2.5
Justin Champagnie,champju01,WAS,0.8,-1.0,19.0,2.0,2.7
Marvin Bagley III,baglema01,2TM,0.8,-1.0,19.3,1.1,3.1
Nick Richards,richani01,2TM,0.8,-1.2,25.6,0.7,4.1
Caleb Love,loveca01,POR,0.8,-1.6,9.7,1.3,0.4
Jose Alvarado,alvarjo01,NYK,0.7,1.8,11.1,3.0,0.9
Tyus Jones,jonesty01,ORL,0.7,1.1,6.6,2.1,0.4
Jeremy Sochan,sochaje01,2TM,0.7,1.1,16.0,1.8,1.4
Jevon Carter,carteje01,ORL,0.7,0.6,9.9,2.1,1.2
Trayce Jackson-Davis,jackstr02,2TM,0.7,0.4,18.1,1.7,4.5
Ochai Agbaji,agbajoc01,TOR,0.7,0.1,10.9,1.3,1.6
Jaden Ivey,iveyja01,DET,0.7,0.1,10.5,1.3,2.2
Mohamed Diawara,diawamo01,NYK,0.7,0.1,14.0,1.3,1.0
Zeke Nnaji,nnajize01,DEN,0.7,0.0,17.6,1.3,3.6
Taylor Hendricks,hendrta01,MEM,0.7,-0.2,15.1,2.8,3.2
Aaron Holiday,holidaa01,HOU,0.7,-0.2,6.3,1.7,0.6
Scoot Henderson,hendesc01,POR,0.7,-0.5,9.1,1.7,1.1
Ben Sheppard,sheppbe01,IND,0.7,-0.6,12.2,1.3,0.4
Egor Dёmin,demineg01,BRK,0.7,-0.7,13.5,1.6,1.2
Isaac Okoro,okorois01,CHI,0.7,-0.8,6.4,1.3,1.5
Micah Potter,pottemi01,IND,0.7,-0.8,21.4,1.2,1.4
Tre Mann,manntr01,CHO,0.7,-0.8,11.9,1.9,0.7
Jericho Sims,simsje01,MIL,0.7,-0.9,19.0,0.7,1.3
Bennedict Mathurin,mathube01,LAC,0.7,-1.0,16.9,1.8,1.2
Jared McCain,mccaija01,OKC,0.7,-1.0,8.7,1.2,0.5
Aaron Gordon,gordoaa01,DEN,0.7,-1.2,16.8,1.0,0.9
Olivier-Maxence Prosper,prospol01,MEM,0.7,-1.2,14.3,1.9,1.2
Dennis Schröder,schrode01,2TM,0.7,-1.3,10.5,1.6,0.6
Jaylen Wells,wellsja01,MEM,0.7,-1.4,9.6,1.6,0.5
Ryan Nembhard,nembhry01,DAL,0.7,-1.7,10.8,1.0,0.1
Andrew Nembhard,nembhan01,IND,0.7,-1.9,8.4,1.4,0.4
Coby White,whiteco01,2TM,0.7,-1.9,13.1,0.9,0.4
John Konchar,konchjo01,MEM,0.6,3.5,18.2,3.4,2.7
Myron Gardner,gardnmy01,MIA,0.6,1.9,21.1,2.3,1.7
John Konchar,konchjo01,UTA,0.6,1.4,15.3,3.6,3.6
Kelly Olynyk,olynyke01,SAS,0.6,1.3,15.1,2.0,0.7
Nikola Vučević,vucevni01,BOS,0.6,1.0,25.8,1.0,3.0
Kristaps Porziņģis,porzikr01,ATL,0.6,1.0,17.6,1.0,4.8
Brooks Barnhizer,barnhbr01,OKC,0.6,1.0,17.7,1.5,1.4
Rayan Rupert,ruperra01,POR,0.6,0.8,12.0,2.4,0.3
Dalen Terry,terryda01,2TM,0.6,0.8,11.6,2.5,2.4
Keaton Wallace,wallake01,ATL,0.6,0.3,10.9,2.1,0.8
Khaman Maluach,maluakh01,PHO,0.6,0.0,23.5,0.6,7.7
Dorian Finney-Smith,finnedo01,HOU,0.6,-0.1,10.2,1.3,0.9
Marcus Sasser,sassema01,DET,0.6,-0.2,7.7,2.1,0.9
Asa Newell,newelas01,ATL,0.6,-0.5,11.5,1.5,2.7
Terance Mann,mannte01,BRK,0.6,-0.7,10.5,1.3,0.9
Cam Spencer,spencca01,MEM,0.6,-0.8,9.2,1.4,0.6
Moritz Wagner,wagnemo01,ORL,0.6,-0.8,23.2,1.7,0.4
Ayo Dosunmu,dosunay01,CHI,0.6,-0.9,9.1,1.3,0.9
Julian Strawther,strawju01,DEN,0.6,-1.1,12.7,1.4,0.7
Leonard Miller,millele01,2TM,0.6,-1.1,18.6,1.1,1.8
Nique Clifford,cliffni01,SAC,0.6,-1.2,13.3,1.7,1.2
Jock Landale,landajo01,MEM,0.6,-1.3,15.7,1.1,1.9
Kobe Brown,brownko01,2TM,0.6,-1.4,13.6,1.2,1.1
Aaron Nesmith,nesmiaa01,IND,0.6,-1.6,11.6,0.9,1.5
Nolan Traoré,traorno01,BRK,0.6,-2.0,8.4,1.8,1.7
Kyle Anderson,anderky01,MIN,0.5,2.8,14.8,2.1,2.9
Jordan McLaughlin,mclaujo01,SAS,0.5,2.5,9.3,3.4,0.6
Cameron Payne,payneca01,PHI,0.5,1.0,12.1,3.1,1.8
Vince Williams Jr.,willivi01,MEM,0.5,0.6,15.3,1.7,1.7
Trayce Jackson-Davis,jackstr02,GSW,0.5,0.6,18.0,1.5,4.3
Vince Williams Jr.,willivi01,2TM,0.5,0.5,15.6,1.7,1.8
Jeremy Sochan,sochaje01,SAS,0.5,0.5,13.7,1.3,1.2
Larry Nance Jr.,nancela02,CLE,0.5,0.5,15.6,2.2,1.3
Jonathan Kuminga,kuminjo01,ATL,0.5,0.4,20.2,1.9,1.3
Yanic Konan Niederhäuser,konanya01,LAC,0.5,0.4,21.4,0.6,6.7
Johnny Furphy,furphjo01,IND,0.5,0.2,20.9,1.5,0.9
Joan Beringer,berinjo01,MIN,0.5,0.2,16.1,1.1,7.2
Kentavious Caldwell-Pope,caldwke01,MEM,0.5,-0.2,10.6,1.9,0.7
Luke Kennard,kennalu01,LAL,0.5,-0.3,10.8,1.5,0.4
Jock Landale,landajo01,ATL,0.5,-0.4,13.1,1.1,2.8
Dennis Schröder,schrode01,CLE,0.5,-0.5,9.7,1.7,0.7
Collin Sexton,sextoco01,CHI,0.5,-0.5,8.1,2.8,0.4
Jose Alvarado,alvarjo01,NOP,0.5,-0.5,11.9,2.0,0.4
Jamir Watkins,watkija01,WAS,0.5,-0.5,15.4,2.5,2.1
Guerschon Yabusele,yabusgu01,CHI,0.5,-0.5,18.8,1.5,1.5
Gabe Vincent,vincega01,2TM,0.5,-0.5,4.7,1.5,0.3
Tyrese Proctor,proctty01,CLE,0.5,-0.5,10.7,2.2,0.0
Kyshawn George,georgky01,WAS,0.5,-0.6,15.9,1.6,2.7
Javon Small,smallja01,MEM,0.5,-0.6,12.2,1.9,1.0
Jared McCain,mccaija01,PHI,0.5,-0.7,12.3,1.7,0.3
Jase Richardson,richaja02,ORL,0.5,-0.7,8.1,1.6,0.3
Marvin Bagley III,baglema01,DAL,0.5,-0.8,21.7,0.8,2.9
Micah Peavy,peavymi01,NOP,0.5,-0.8,8.5,2.3,0.9
Quenton Jackson,jacksqu01,IND,0.5,-0.8,10.7,1.6,0.6
Jahmai Mashack,mashaja01,MEM,0.5,-0.9,9.5,2.6,1.9
Jamison Battle,battlja01,TOR,0.5,-1.0,15.3,0.7,0.6
Rayan Rupert,ruperra01,MEM,0.5,-1.1,17.1,2.5,1.3
Jett Howard,howarje01,ORL,0.5,-1.1,10.4,0.7,1.4
Leonard Miller,millele01,CHI,0.5,-1.2,18.3,1.0,2.1
Drake Powell,poweldr01,BRK,0.5,-1.3,8.4,1.3,1.0
Rob Dillingham,dilliro01,CHI,0.5,-1.3,12.4,2.0,0.4
Khris Middleton,middlkh01,2TM,0.5,-1.5,13.4,1.3,0.5
Ousmane Dieng,diengou01,MIL,0.5,-1.7,16.3,1.4,1.2
Ben Saraf,sarafbe01,BRK,0.5,-1.7,9.7,2.1,0.8
Corey Kispert,kispeco01,ATL,0.5,-1.9,10.4,0.5,0.8
Corey Kispert,kispeco01,2TM,0.5,-2.0,10.7,0.7,0.7
Darius Garland,garlada01,CLE,0.5,-2.5,7.1,1.3,0.4
Jonathan Mogbo,mogbojo01,TOR,0.4,1.9,22.5,2.2,3.1
Isaiah Jackson,jacksis01,LAC,0.4,1.8,21.8,1.8,7.0
Jalen Slawson,slawsja01,IND,0.4,1.8,17.9,3.1,3.8
Christian Koloko,kolokch01,3TM,0.4,1.2,15.4,1.9,5.9
Isaiah Livers,liveris01,PHO,0.4,1.2,13.9,1.9,2.2
Dalen Terry,terryda01,CHI,0.4,1.1,12.5,2.7,2.5
Zach Edey,edeyza01,MEM,0.4,1.1,30.6,1.2,6.8
Keon Ellis,elliske01,SAC,0.4,0.9,6.1,2.9,2.7
Ron Harper Jr.,harpero02,BOS,0.4,0.9,11.2,1.6,2.9
Dejounte Murray,murrade01,NOP,0.4,0.5,19.9,2.8,0.7
A.J. Lawson,lawsoaj01,TOR,0.4,0.4,17.2,2.6,1.7
Maxi Kleber,klebima01,LAL,0.4,0.3,11.8,1.9,2.2
Pat Connaughton,connapa01,CHO,0.4,0.3,17.2,1.8,0.3
Ousmane Dieng,diengou01,OKC,0.4,0.2,12.0,0.3,2.3
Blake Wesley,weslebl01,POR,0.4,0.1,9.4,2.1,1.2
Liam McNeeley,mcneeli01,CHO,0.4,0.0,18.1,0.7,0.8
Keshad Johnson,johnske10,MIA,0.4,0.0,13.4,2.5,2.5
Domantas Sabonis,sabondo01,SAC,0.4,-0.2,31.0,1.5,0.7
Rob Dillingham,dilliro01,MIN,0.4,-0.3,11.9,2.8,0.8
Taelon Peter,peterta01,IND,0.4,-0.4,11.1,2.5,0.7
Guerschon Yabusele,yabusgu01,NYK,0.4,-0.5,19.3,0.8,1.4
Kristaps Porziņģis,porzikr01,GSW,0.4,-0.5,19.5,1.2,4.1
Jae'Sean Tate,tateja01,HOU,0.4,-0.7,10.8,1.2,0.7
Nick Richards,richani01,PHO,0.4,-0.8,25.3,0.8,5.3
Tristan Vukcevic,vukcetr01,WAS,0.4,-0.8,18.7,1.6,4.3
Cole Anthony,anthoco01,MIL,0.4,-0.9,15.1,1.9,2.1
DeMar DeRozan,derozde01,SAC,0.4,-1.0,9.1,1.6,0.9
Keegan Murray,murrake02,SAC,0.4,-1.0,14.4,1.5,4.2
Jamal Cain,cainja01,ORL,0.4,-1.0,11.6,1.1,0.7
Jonathan Kuminga,kuminjo01,GSW,0.4,-1.1,21.0,0.8,1.2
Jalen Pickett,pickeja02,DEN,0.4,-1.1,12.7,0.8,0.6
Terrence Shannon Jr.,shannte01,MIN,0.4,-1.1,7.8,1.2,0.2
Cam Christie,chrisca02,LAC,0.4,-1.1,13.9,1.7,0.6
Pete Nance,nancepe01,MIL,0.4,-1.2,14.9,0.9,1.9
Devin Carter,cartede02,SAC,0.4,-1.2,14.6,2.3,1.2
Tyrese Martin,martity01,2TM,0.4,-1.4,12.9,1.6,0.7
Nick Richards,richani01,CHI,0.4,-1.5,25.8,0.6,3.5
Dalton Knecht,knechda01,LAL,0.4,-1.6,12.5,1.0,1.8
Bennedict Mathurin,mathube01,IND,0.4,-1.7,16.1,0.9,0.4
Khris Middleton,middlkh01,DAL,0.4,-1.7,13.0,1.2,0.0
A.J. Green,greenaj01,MIL,0.4,-1.8,9.1,0.8,0.4
Jalen Wilson,wilsoja03,BRK,0.4,-2.1,13.9,1.3,0.2
Darius Garland,garlada01,LAC,0.4,-2.2,7.8,2.0,0.9
Coby White,whiteco01,CHI,0.4,-2.3,12.6,1.1,0.2
Amari Williams,william01,BOS,0.3,2.9,22.8,1.0,6.9
Mason Plumlee,plumlma01,2TM,0.3,2.6,23.0,2.8,0.0
JD Davison,davisjd01,HOU,0.3,1.3,15.5,1.4,2.5
Xavier Tillman Sr.,tillmxa01,2TM,0.3,1.0,14.3,2.5,2.6
Josh Minott,minotjo01,BRK,0.3,0.7,12.8,3.2,3.6
Gary Harris,harriga01,MIL,0.3,0.7,7.6,2.0,1.4
Chaney Johnson,johnsch06,BRK,0.3,0.4,16.3,2.1,2.4
KJ Simpson,simpskj01,2TM,0.3,0.4,12.0,3.1,0.0
KJ Simpson,simpskj01,CHO,0.3,0.3,11.9,3.3,0.0
Malevy Leons,leonsma01,GSW,0.3,0.2,9.5,2.5,3.0
Gabe Vincent,vincega01,ATL,0.3,0.1,5.9,1.9,0.6
Chris Youngblood,youngch01,2TM,0.3,-0.1,11.8,1.0,1.6
Vít Krejčí,krejcvi01,POR,0.3,-0.2,11.8,1.3,1.2
Lachlan Olbrich,olbrila01,CHI,0.3,-0.2,20.4,1.6,2.0
Julian Phillips,phillju01,2TM,0.3,-0.3,6.4,2.4,1.4
Lindy Waters III,waterli01,SAS,0.3,-0.3,9.5,1.0,0.3
Chris Youngblood,youngch01,OKC,0.3,-0.3,12.6,1.1,1.7
Obi Toppin,toppiob01,IND,0.3,-0.4,24.4,1.3,0.2
Kevon Looney,looneke01,NOP,0.3,-0.6,24.8,1.4,3.1
Yang Hansen,yangha01,POR,0.3,-0.6,16.8,0.5,3.0
Drew Eubanks,eubandr01,SAC,0.3,-0.7,18.3,1.3,4.3
PJ Hall,hallpj01,2TM,0.3,-0.7,21.7,0.7,4.3
Ethan Thompson,thompet01,IND,0.3,-0.8,8.9,1.5,1.2
Bogdan Bogdanović,bogdabo01,LAC,0.3,-0.8,13.3,1.1,0.6
PJ Hall,hallpj01,CHO,0.3,-0.8,21.3,0.8,3.9
Bryce McGowens,mcgowbr01,NOP,0.3,-0.9,9.4,1.5,0.9
Kevin Love,loveke01,UTA,0.3,-0.9,28.9,1.1,1.4
Bronny James,jamesbr02,LAL,0.3,-0.9,5.4,2.5,1.0
Coby White,whiteco01,CHO,0.3,-1.1,14.2,0.6,0.7
Marvin Bagley III,baglema01,WAS,0.3,-1.1,17.8,1.3,3.2
Chaz Lanier,laniech01,DET,0.3,-1.3,6.3,1.3,0.0
Andre Jackson Jr.,jacksan01,MIL,0.3,-1.4,12.9,2.3,1.0
Tyrese Martin,martity01,BRK,0.3,-1.5,13.1,1.6,0.5
Kobe Brown,brownko01,IND,0.3,-1.6,13.6,1.0,1.3
D'Angelo Russell,russeda01,DAL,0.3,-1.6,11.2,1.1,0.3
Jeremiah Robinson-Earl,robinje02,2TM,0.3,-1.7,20.4,1.2,0.2
Isaiah Collier,colliis01,UTA,0.3,-1.8,9.4,2.0,1.3
Taurean Prince,princta02,MIL,0.3,-1.8,14.1,1.3,1.0
Lauri Markkanen,markkla01,UTA,0.3,-2.0,15.7,1.4,1.4
Ja Morant,moranja01,MEM,0.3,-2.0,11.0,1.7,1.0
Walter Clayton,claytwa01,2TM,0.3,-2.1,8.9,1.5,1.3
Julian Reese,reeseju01,WAS,0.3,-2.2,22.3,2.1,1.7
Ace Bailey,baileac01,UTA,0.3,-2.5,11.0,1.4,2.4
Oscar Tshiebwe,tshieos01,UTA,0.3,-2.8,25.2,1.7,1.1
Dereck Lively II,livelde01,DAL,0.2,3.6,21.0,1.6,8.1
Jeremy Sochan,sochaje01,NYK,0.2,3.1,23.3,3.1,1.8
Mason Plumlee,plumlma01,CHO,0.2,2.7,26.6,2.4,0.0
Chris Boucher,bouchch01,BOS,0.2,2.7,18.3,2.7,7.5
Thanasis Antetokounmpo,antetth01,MIL,0.2,1.8,13.7,4.3,4.0
Christian Koloko,kolokch01,MEM,0.2,1.7,14.1,2.4,6.1
Joe Ingles,inglejo01,MIN,0.2,1.4,13.4,2.8,1.1
Bismack Biyombo,biyombi01,SAS,0.2,1.4,15.6,1.4,1.3
Xavier Tillman Sr.,tillmxa01,BOS,0.2,1.0,14.5,2.7,1.8
Kevin McCullar Jr.,mcculke01,NYK,0.2,1.0,12.3,2.9,0.0
Luke Travers,travelu01,CLE,0.2,1.0,16.0,3.3,3.7
Tolu Smith,smithto05,DET,0.2,0.9,21.8,0.7,4.4
Kyle Anderson,anderky01,UTA,0.2,0.7,13.0,2.7,2.4
Christian Koloko,kolokch01,ATL,0.2,0.7,17.0,1.2,5.8
Charles Bassey,bassech01,4TM,0.2,0.5,25.0,1.3,6.7
Amir Coffey,coffeam01,PHO,0.2,0.4,9.2,1.3,0.8
Charles Bassey,bassech01,GSW,0.2,0.4,27.3,1.0,6.5
DeAndre Jordan,jordade01,NOP,0.2,0.2,27.4,1.0,4.7
Alijah Martin,martial01,TOR,0.2,0.2,9.4,2.7,2.6
Bez Mbeng,mbengbe01,UTA,0.2,0.1,8.8,3.2,1.0
Julian Phillips,phillju01,CHI,0.2,0.0,6.9,2.4,1.6
Duop Reath,reathdu01,POR,0.2,0.0,11.9,0.9,2.8
Dalen Terry,terryda01,PHI,0.2,-0.1,9.5,1.9,2.2
Chris Paul,paulch01,LAC,0.2,-0.2,10.9,2.4,0.0
Adou Thiero,thierad01,LAL,0.2,-0.2,14.4,2.3,1.2
Pacôme Dadiet,dadiepa01,NYK,0.2,-0.2,19.0,1.1,0.8
Jevon Carter,carteje01,CHI,0.2,-0.3,8.7,2.4,0.7
DeJon Jarreau,jarrede01,MEM,0.2,-0.3,18.6,2.1,3.2
Scotty Pippen Jr.,pippesc02,MEM,0.2,-0.3,7.3,4.2,1.7
Trayce Jackson-Davis,jackstr02,TOR,0.2,-0.6,18.9,2.3,5.7
Ty Jerome,jeromty01,MEM,0.2,-0.6,10.1,2.2,1.1
Elijah Harkless,harklej01,UTA,0.2,-0.7,8.7,2.7,1.1
Malachi Smith,smithma02,BRK,0.2,-0.8,13.4,1.7,1.0
Nigel Hayes-Davis,hayesni01,PHO,0.2,-0.8,12.4,2.0,1.0
Gabe Vincent,vincega01,LAL,0.2,-0.9,4.1,1.2,0.2
Amir Coffey,coffeam01,2TM,0.2,-0.9,8.8,0.9,1.0
Killian Hayes,hayeski01,SAC,0.2,-0.9,14.2,2.5,0.9
MarJon Beauchamp,beaucma01,PHI,0.2,-1.0,14.1,2.2,1.9
Kobe Brown,brownko01,LAC,0.2,-1.1,13.4,1.5,0.6
E.J. Liddell,liddeej01,BRK,0.2,-1.2,19.4,0.9,2.7
John Poulakidas,poulajo01,DAL,0.2,-1.2,10.8,1.3,1.3
Max Strus,strusma01,CLE,0.2,-1.3,21.3,0.5,0.0
Trae Young,youngtr01,2TM,0.2,-1.4,7.4,1.6,0.5
Tony Bradley,bradlto01,IND,0.2,-1.6,13.6,0.7,1.4
Tony Bradley,bradlto01,2TM,0.2,-1.7,13.8,0.6,1.3
Trae Young,youngtr01,ATL,0.2,-1.7,5.9,1.7,0.3
Dennis Schröder,schrode01,SAC,0.2,-1.8,10.9,1.5,0.5
Jaden Hardy,hardyja02,DAL,0.2,-1.9,8.8,1.0,0.4
Kam Jones,joneska03,IND,0.2,-1.9,8.1,1.4,0.0
Jeremiah Robinson-Earl,robinje02,IND,0.2,-1.9,20.8,1.1,0.3
Tyler Burton,burtoty01,MEM,0.2,-1.9,15.1,1.7,1.2
Malik Monk,monkma01,SAC,0.2,-2.1,8.6,1.3,1.6
Lucas Williamson,willilu01,MEM,0.2,-2.1,13.3,2.3,0.4
Gary Trent Jr.,trentga02,MIL,0.2,-2.2,4.8,1.2,0.2
Jordan Poole,poolejo01,NOP,0.2,-2.6,7.9,1.1,1.5
Nick Smith Jr.,smithni01,LAL,0.2,-2.6,6.0,1.2,0.5
Jordan Hawkins,hawkijo01,NOP,0.2,-3.0,10.7,0.9,1.4
Walter Clayton,claytwa01,MEM,0.2,-3.1,7.5,1.6,1.1
Nikola Topić,topicni01,OKC,0.2,-3.2,7.8,1.5,0.0
Mac McClung,mccluma01,IND,0.1,6.1,13.1,7.0,2.5
Grant Nelson,nelsogr02,BRK,0.1,4.8,17.6,1.4,13.3
Chris Mañon,manonch01,LAL,0.1,4.7,19.7,5.3,4.0
Kadary Richmond,richmka01,WAS,0.1,4.4,14.7,5.7,1.3
Olivier Sarr,sarrol01,CLE,0.1,4.3,25.3,2.5,7.3
David Jones García,jonesda06,SAS,0.1,3.8,13.8,4.2,1.3
Dillon Jones,jonesdi01,NYK,0.1,2.8,14.4,3.8,0.0
TyTy Washington Jr.,washity02,LAC,0.1,2.6,6.4,3.4,3.2
Jaren Jackson Jr.,jacksja02,UTA,0.1,2.2,18.5,3.9,1.3
Mason Plumlee,plumlma01,SAS,0.1,2.2,13.3,4.1,0.0
Cody Martin,martico01,IND,0.1,2.1,26.3,3.5,3.1
Wendell Moore Jr.,moorewe01,DET,0.1,1.8,9.2,1.6,3.3
Walker Kessler,kesslwa01,UTA,0.1,1.7,22.3,2.1,5.6
Rocco Zikarsky,zikarro01,MIN,0.1,1.7,35.9,0.0,12.0
Enrique Freeman,freemen01,MIN,0.1,1.5,23.3,2.6,7.0
Kyle Anderson,anderky01,MEM,0.1,1.4,13.6,3.2,4.1
Dalano Banton,bantoda01,2TM,0.1,1.3,5.2,1.6,8.1
Haywood Highsmith,highsha01,PHO,0.1,1.2,8.8,2.2,0.0
John Tonje,tonjejo01,BOS,0.1,1.2,15.4,2.4,0.0
Xavier Tillman Sr.,tillmxa01,CHO,0.1,1.0,13.9,2.1,3.8
Garrett Temple,templga01,TOR,0.1,1.0,12.5,2.7,2.6
Jaden Ivey,iveyja01,CHI,0.1,0.7,12.8,3.3,1.5
Dalano Banton,bantoda01,BOS,0.1,0.6,6.2,1.0,9.7
Mac McClung,mccluma01,2TM,0.1,0.5,6.4,3.8,1.9
Eric Gordon,gordoer01,PHI,0.1,0.3,1.5,2.6,1.3
Isaiah Crawford,crawfis01,HOU,0.1,0.1,15.4,1.1,3.0
Lawson Lovering,loverla01,MEM,0.1,0.1,20.2,2.9,1.9
Garrison Mathews,mathega01,IND,0.1,0.0,8.5,1.5,1.3
Tyrese Martin,martity01,PHI,0.1,-0.1,10.9,1.8,2.3
Trey Alexander,alexatr01,NOP,0.1,-0.1,9.8,2.6,1.7
Riley Minix,minixri01,2TM,0.1,-0.1,7.5,1.7,1.6
Trey Jemison,jemistr01,NYK,0.1,-0.3,13.7,0.6,2.5
Tristan Enaruna,enarutr01,CLE,0.1,-0.4,9.0,2.8,0.0
Andersson Garcia,garcian01,UTA,0.1,-0.5,16.4,2.2,2.3
Miles Kelly,kellymi02,DAL,0.1,-0.5,14.9,1.4,0.6
Curtis Jones,jonescu01,DEN,0.1,-0.5,10.9,2.2,0.0
Leonard Miller,millele01,MIN,0.1,-0.6,20.4,2.0,0.0
Zach Collins,colliza01,CHI,0.1,-0.7,22.8,0.5,1.9
David Roddy,roddyda01,DEN,0.1,-0.7,17.6,2.7,1.3
Yuki Kawamura,kawamyu01,CHI,0.1,-1.0,13.0,2.0,0.0
Bobi Klintman,klintbo01,DET,0.1,-1.0,21.8,2.0,0.0
Leaky Black,blackle01,WAS,0.1,-1.1,15.2,2.0,1.6
Jeremiah Robinson-Earl,robinje02,DAL,0.1,-1.1,18.9,1.5,0.0
Tre Scott,scotttr01,BRK,0.1,-1.1,14.2,2.2,2.6
Javonte Cooke,cookeja01,POR,0.1,-1.1,17.5,3.0,0.0
DaRon Holmes,holmeda01,DEN,0.1,-1.2,13.8,0.2,2.7
Caleb Houstan,houstca01,ATL,0.1,-1.2,8.8,1.3,1.2
Tyus Jones,jonesty01,DAL,0.1,-1.3,6.3,1.1,0.0
Anthony Gill,gillan01,WAS,0.1,-1.3,11.5,1.5,1.9
Julian Phillips,phillju01,MIN,0.1,-1.3,4.6,2.5,0.9
RayJ Dennis,dennira01,3TM,0.1,-1.3,9.7,0.9,1.7
RayJ Dennis,dennira01,IND,0.1,-1.3,8.6,0.8,2.0
Mac McClung,mccluma01,CHI,0.1,-1.3,4.2,2.8,1.7
Seth Curry,curryse01,GSW,0.1,-1.3,6.8,1.1,0.0
Khris Middleton,middlkh01,WAS,0.1,-1.4,13.8,1.5,1.0
Walter Clayton,claytwa01,UTA,0.1,-1.4,10.0,1.4,1.4
Drew Timme,timmedr01,LAL,0.1,-1.4,11.1,1.2,0.0
Koby Brea,breako01,PHO,0.1,-1.4,9.6,0.6,0.0
Patrick Baldwin Jr.,baldwpa01,3TM,0.1,-1.5,12.3,1.4,4.5
Drew Peterson,peterdr01,CHO,0.1,-1.5,10.4,2.3,1.4
Tyler Smith,smithty02,DAL,0.1,-1.6,13.3,1.7,0.0
Hunter Tyson,tysonhu01,DEN,0.1,-1.6,21.1,0.6,0.6
Patrick Baldwin Jr.,baldwpa01,SAC,0.1,-1.6,11.8,1.6,5.2
Taylor Hendricks,hendrta01,UTA,0.1,-1.7,15.8,1.2,1.6
Ochai Agbaji,agbajoc01,BRK,0.1,-1.7,12.6,1.1,1.7
Johnny Juzang,juzanjo01,MIN,0.1,-1.7,14.7,1.1,1.0
AJ Johnson,johnsaj01,DAL,0.1,-1.8,7.9,0.8,1.1
Cormac Ryan,ryanco01,MIL,0.1,-1.8,8.3,2.0,1.1
Adama-Alpha Bal,balad01,MEM,0.1,-1.8,8.7,1.8,0.4
Cody Williams,willico04,UTA,0.1,-1.9,9.3,1.5,1.5
Tyson Etienne,etienty01,BRK,0.1,-2.0,7.1,1.4,0.0
Omer Yurtseven,yurtsom01,GSW,0.1,-2.0,18.6,0.9,0.9
Keyonte George,georgke01,UTA,0.1,-2.1,10.9,1.5,0.8
Buddy Hield,hieldbu01,ATL,0.1,-2.1,15.1,1.9,0.0
Cam Whitmore,whitmca01,WAS,0.1,-2.1,12.0,2.0,2.0
Taj Gibson,gibsota01,MEM,0.1,-2.1,18.2,1.0,0.9
Jeff Green,greenje02,HOU,0.1,-2.2,11.2,0.6,1.1
Kyle Lowry,lowryky01,PHI,0.1,-2.2,8.4,0.8,1.6
Daeqwon Plowden,plowdda01,SAC,0.1,-2.3,8.7,1.3,0.8
AJ Johnson,johnsaj01,2TM,0.1,-2.5,9.7,1.1,0.6
Ivica Zubac,zubaciv01,IND,0.1,-2.7,20.7,0.8,2.9
LJ Cryer,cryerlj01,GSW,0.1,-2.9,9.3,0.5,0.0
Nate Williams,willije02,GSW,0.1,-2.9,4.8,1.0,0.0
Brice Sensabaugh,sensabr01,UTA,0.1,-3.0,11.0,1.4,0.7
Kobe Bufkin,bufkiko01,LAL,0.1,-3.2,11.4,0.8,2.3
Jaden Hardy,hardyja02,2TM,0.1,-3.3,8.5,0.8,0.6
Payton Sandfort,sandfpa01,OKC,0.1,-3.3,14.9,0.8,0.0
Cam Thomas,thomaca02,MIL,0.1,-3.4,9.8,0.8,0.7
Cam Thomas,thomaca02,2TM,0.1,-3.9,8.1,0.5,0.4
Dariq Whitehead,whiteda01,MEM,0.1,-4.4,13.2,1.0,0.0
Johni Broome,broomjo01,PHI,0.1,-4.4,18.1,2.6,3.4
Riley Minix,minixri01,SAS,0.0,7.5,13.1,6.0,0.0
Stanley Umude,umudest01,SAS,0.0,7.1,0.0,6.9,0.0
Colby Jones,jonesco02,DET,0.0,5.7,63.1,0.0,0.0
Dalano Banton,bantoda01,LAC,0.0,5.2,0.0,5.0,0.0
Vladislav Goldin,goldivl01,MIA,0.0,4.5,26.1,0.0,11.1
Charles Bassey,bassech01,PHI,0.0,4.2,0.0,0.0,18.8
Jayson Kent,kentja01,POR,0.0,3.6,25.0,2.2,4.0
Isaiah Stevens,steveis01,SAC,0.0,3.4,2.7,5.6,0.0
Charles Bassey,bassech01,BOS,0.0,3.3,12.7,3.0,11.9
Chris Livingston,livinch01,CLE,0.0,2.1,19.3,2.8,0.0
Chris Youngblood,youngch01,POR,0.0,1.6,0.0,0.0,0.0
Emanuel Miller,milleem01,CHI,0.0,0.9,6.4,2.8,0.0
KJ Simpson,simpskj01,DEN,0.0,0.7,12.6,1.4,0.0
Orlando Robinson,robinor01,ORL,0.0,0.6,9.0,1.9,0.0
Jacob Toppin,toppija01,ATL,0.0,0.6,6.5,0.0,5.3
Skal Labissière,labissk01,WAS,0.0,0.4,17.3,2.5,2.3
PJ Hall,hallpj01,MEM,0.0,0.1,24.5,0.0,6.8
Antonio Reeves,reevean01,CHO,0.0,0.1,9.8,0.7,0.0
Tristen Newton,newtotr01,HOU,0.0,0.0,9.1,4.2,0.0
Norchad Omier,omierno01,LAC,0.0,-0.1,14.2,2.1,0.0
Vince Williams Jr.,willivi01,UTA,0.0,-0.2,18.5,1.1,2.3
RayJ Dennis,dennira01,LAC,0.0,-0.2,56.7,0.0,0.0
Brandon Clarke,clarkbr01,MEM,0.0,-0.2,11.0,4.7,0.0
Patrick Baldwin Jr.,baldwpa01,LAC,0.0,-0.4,9.4,0.0,0.0
Keshon Gilbert,gilbeke01,2TM,0.0,-0.4,4.4,1.9,4.8
Keshon Gilbert,gilbeke01,WAS,0.0,-0.4,6.8,2.0,7.3
Alondes Williams,willial06,WAS,0.0,-0.5,21.7,1.4,2.6
CJ Huntley,huntlcj01,PHO,0.0,-0.5,8.6,1.2,0.0
Max Shulga,shulgma01,BOS,0.0,-0.5,9.0,1.4,0.0
Keshon Gilbert,gilbeke01,ATL,0.0,-0.6,0.0,1.8,0.0
Trae Young,youngtr01,WAS,0.0,-0.7,11.6,1.4,0.8
N'Faly Dante,nfalyda01,ATL,0.0,-0.8,29.4,6.3,0.0
James Wiseman,wisemja01,IND,0.0,-1.0,5.8,0.0,1.5
DaQuan Jeffries,jeffrda01,SAC,0.0,-1.1,3.8,1.6,0.0
Riley Minix,minixri01,CLE,0.0,-1.3,6.6,1.0,1.9
Zyon Pullin,pullizy01,MIN,0.0,-1.3,5.0,1.1,0.0
Charles Bassey,bassech01,MEM,0.0,-1.4,28.4,1.5,3.0
Monte Morris,morrimo01,IND,0.0,-1.4,10.3,0.7,1.3
Harrison Ingram,ingraha01,SAS,0.0,-1.4,0.0,0.0,0.0
Malaki Branham,branhma01,WAS,0.0,-1.5,12.7,1.7,1.0
Colin Castleton,castlco01,ORL,0.0,-1.5,32.2,2.3,0.0
Christian Koloko,kolokch01,LAL,0.0,-1.6,18.9,0.0,0.0
RayJ Dennis,dennira01,ATL,0.0,-1.6,9.7,1.4,0.0
Hayden Gray,grayha01,UTA,0.0,-1.6,0.0,1.9,3.9
Mouhamadou Gueye,gueyemo01,CHI,0.0,-1.7,9.3,2.1,1.9
Jahmyl Telfort,telfoja01,LAC,0.0,-1.7,10.6,1.6,0.0
Jahmir Young,youngja05,MIA,0.0,-1.9,3.6,0.8,0.0
Isaac Jones,jonesis01,SAC,0.0,-1.9,0.0,0.0,0.0
Alex Antetokounmpo,antetal01,MIL,0.0,-1.9,21.4,0.0,4.8
Amir Coffey,coffeam01,MIL,0.0,-2.0,8.5,0.6,1.1
Corey Kispert,kispeco01,WAS,0.0,-2.1,11.2,1.0,0.7
Zach LaVine,lavinza01,SAC,0.0,-2.2,9.4,1.1,0.8
Tyus Jones,jonesty01,DEN,0.0,-2.2,13.9,0.5,0.0
Isaac Jones,jonesis01,2TM,0.0,-2.2,9.2,0.0,2.8
Dario Šarić,saricda01,SAC,0.0,-2.3,14.0,0.0,0.0
Isaac Jones,jonesis01,DET,0.0,-2.4,17.4,0.0,5.2
Darius Brown II,brownda04,CLE,0.0,-2.4,36.5,0.0,0.0
Mo Bamba,bambamo01,TOR,0.0,-2.5,19.1,0.0,16.1
Will Riley,rileywi01,WAS,0.0,-2.6,10.4,1.6,0.5
Trentyn Flowers,flowetr01,CHI,0.0,-2.7,0.0,0.0,0.0
Hunter Dickinson,dickihu01,NOP,0.0,-2.9,7.8,1.1,4.5
Hunter Sallis,sallihu01,PHI,0.0,-2.9,4.2,0.0,3.6
Blake Hinson,hinsobl01,UTA,0.0,-3.0,8.6,0.8,0.7
Tosan Evbuomwan,evbuoto01,NYK,0.0,-3.0,14.0,0.0,0.0
Noa Essengue,essenno01,CHI,0.0,-3.0,0.0,7.8,0.0
Kennedy Chandler,chandke01,UTA,0.0,-3.1,9.7,1.5,0.5
Patrick Baldwin Jr.,baldwpa01,PHI,0.0,-3.1,55.2,0.0,0.0
Chucky Hepburn,hepbuch01,TOR,0.0,-3.1,8.8,3.8,0.0
AJ Johnson,johnsaj01,WAS,0.0,-3.3,11.8,1.5,0.0
Tony Bradley,bradlto01,ATL,0.0,-3.3,16.2,0.0,0.0
Mo Bamba,bambamo01,2TM,0.0,-3.6,30.3,0.0,6.6
Anfernee Simons,simonan01,CHI,0.0,-3.7,7.4,0.0,1.0
Mo Bamba,bambamo01,UTA,0.0,-3.8,32.1,0.0,5.1
Alex Morales,moralal01,ORL,0.0,-3.8,9.4,0.0,0.0
Toby Okani,okanito01,MEM,0.0,-3.9,6.1,0.9,1.3
Bradley Beal,bealbr01,LAC,0.0,-3.9,2.8,1.2,0.0
Markelle Fultz,fultzma01,TOR,0.0,-4.0,3.2,2.7,0.0
Cam Thomas,thomaca02,BRK,0.0,-4.2,7.2,0.3,0.3
Josh Oduro,odurojo01,NOP,0.0,-4.3,15.9,0.0,0.0
Buddy Boeheim,boehebu01,OKC,0.0,-4.5,0.0,0.0,0.0
Mark Sears,searsma01,MIL,0.0,-4.6,4.3,0.0,0.0
Sean Pedulla,pedulse01,LAC,0.0,-4.9,11.0,0.0,0.0
Trevor Keels,keelstr01,MIA,0.0,-5.2,13.9,3.1,0.0
De'Andre Hunter,huntede01,SAC,0.0,-5.5,4.5,0.0,0.0
Bub Carrington,carrica01,WAS,-0.1,-2.5,11.7,1.1,0.7
CJ McCollum,mccolcj01,WAS,-0.1,-2.7,10.2,1.1,0.7
Tre Johnson,johnstr03,WAS,-0.1,-2.9,10.7,1.1,1.1
Sharife Cooper,coopesh01,WAS,-0.1,-2.9,10.6,1.1,0.6
Doug McDermott,mcderdo01,SAC,-0.1,-3.0,7.9,0.7,0.8
Jaden Hardy,hardyja02,WAS,-0.1,-4.5,8.1,0.7,0.7
Svi Mykhailiuk,mykhasv01,UTA,-0.2,-2.0,8.4,1.1,0.3
