PLAYER_NAME,BBR_PLAYER_ID,TEAM_ABBREVIATION,POSITION,AGE,GP,GS,MIN,FGM,FGA,FG_PCT,FG3M,FG3A,FG3_PCT,FTM,FTA,FT_PCT,OREB,DREB,REB,AST,STL,BLK,TOV,PF,PTS,EFG_PCT
Luka Dončić,doncilu01,LAL,PG,26.0,64.0,64.0,35.8,10.8,22.8,0.476,4.0,10.8,0.366,7.9,10.1,0.78,0.6,7.1,7.7,8.3,1.6,0.5,4.0,2.4,33.5,0.563
Shai Gilgeous-Alexander,gilgesh01,OKC,PG,27.0,68.0,68.0,33.2,10.8,19.4,0.553,1.7,4.4,0.386,7.9,9.0,0.879,0.6,3.7,4.3,6.6,1.4,0.8,2.2,2.0,31.1,0.597
Anthony Edwards,edwaran01,MIN,SG,24.0,61.0,60.0,35.0,9.9,20.2,0.489,3.4,8.4,0.399,5.7,7.2,0.796,0.6,4.4,5.0,3.7,1.4,0.8,2.9,1.9,28.8,0.572
Jaylen Brown,brownja02,BOS,SF,29.0,71.0,71.0,34.4,10.4,21.7,0.477,2.0,5.7,0.347,6.0,7.5,0.795,1.1,5.8,6.9,5.1,1.0,0.4,3.6,2.7,28.7,0.522
Tyrese Maxey,maxeyty01,PHI,PG,25.0,70.0,70.0,38.0,9.9,21.4,0.462,3.1,8.6,0.367,5.3,6.0,0.892,0.3,3.8,4.1,6.6,1.9,0.8,2.4,2.2,28.3,0.536
Donovan Mitchell,mitchdo01,CLE,SG,29.0,70.0,70.0,33.5,9.7,20.0,0.483,3.2,8.8,0.364,5.3,6.1,0.865,0.7,3.8,4.5,5.7,1.5,0.3,2.8,2.3,27.9,0.563
Kawhi Leonard,leonaka01,LAC,SF,34.0,65.0,65.0,32.1,9.8,19.4,0.505,2.6,6.8,0.387,5.7,6.4,0.892,1.1,5.3,6.4,3.6,1.9,0.4,2.0,1.2,27.9,0.573
Nikola Jokić,jokicni01,DEN,C,30.0,65.0,65.0,34.8,9.9,17.4,0.569,1.7,4.5,0.38,6.1,7.4,0.831,3.0,9.9,12.9,10.7,1.4,0.8,3.7,2.7,27.7,0.618
Giannis Antetokounmpo,antetgi01,MIL,PF,31.0,36.0,36.0,28.9,10.4,16.6,0.624,0.4,1.3,0.333,6.4,9.9,0.65,2.7,7.1,9.8,5.4,0.9,0.7,3.2,2.4,27.6,0.636
Joel Embiid,embiijo01,PHI,C,31.0,38.0,38.0,31.6,9.0,18.3,0.489,1.4,4.2,0.333,7.5,8.8,0.854,2.0,5.7,7.7,3.9,0.6,1.2,2.9,2.2,26.9,0.527
Lauri Markkanen,markkla01,UTA,PF,28.0,42.0,42.0,34.4,9.1,19.2,0.477,2.7,7.7,0.355,5.7,6.4,0.896,2.0,4.9,6.9,2.1,1.0,0.5,1.5,1.8,26.7,0.548
Stephen Curry,curryst01,GSW,PG,37.0,43.0,41.0,30.9,8.7,18.6,0.468,4.4,11.3,0.393,4.7,5.1,0.923,0.4,3.2,3.6,4.7,1.1,0.4,2.8,1.7,26.6,0.587
Devin Booker,bookede01,PHO,SG,29.0,64.0,64.0,33.5,8.5,18.7,0.456,1.9,5.8,0.33,7.1,8.1,0.873,0.8,3.1,3.9,6.0,0.8,0.3,3.1,2.6,26.1,0.507
Kevin Durant,duranke01,HOU,SF,37.0,78.0,78.0,36.4,9.2,17.6,0.52,2.4,5.8,0.413,5.2,6.0,0.874,0.5,4.9,5.5,4.8,0.8,0.9,3.2,1.8,26.0,0.588
Jalen Brunson,brunsja01,NYK,PG,29.0,74.0,74.0,35.0,9.3,19.9,0.467,2.6,7.1,0.369,4.8,5.7,0.841,0.4,2.9,3.3,6.8,0.8,0.1,2.4,2.3,26.0,0.533
Jamal Murray,murraja01,DEN,PG,28.0,75.0,75.0,35.4,8.8,18.1,0.483,3.3,7.5,0.435,4.6,5.2,0.887,0.4,4.0,4.4,7.1,0.9,0.4,2.3,1.7,25.4,0.573
James Harden,hardeja01,LAC,PG,36.0,44.0,44.0,35.4,7.3,17.5,0.419,3.1,8.8,0.347,7.7,8.5,0.901,0.6,4.2,4.8,8.1,1.3,0.4,3.7,1.9,25.4,0.506
Victor Wembanyama,wembavi01,SAS,C,22.0,64.0,55.0,29.2,8.6,16.9,0.512,1.9,5.5,0.349,5.8,7.0,0.827,2.0,9.5,11.5,3.1,1.0,3.1,2.4,2.4,25.0,0.569
Deni Avdija,avdijde01,POR,SF,25.0,66.0,66.0,33.3,7.5,16.1,0.462,1.9,6.0,0.318,7.4,9.2,0.802,1.1,5.8,6.9,6.7,0.8,0.6,3.8,2.5,24.2,0.521
Michael Porter Jr.,portemi01,BRK,SF,27.0,52.0,52.0,32.5,8.5,18.4,0.463,3.4,9.3,0.363,3.8,4.4,0.859,1.3,5.7,7.1,3.0,1.1,0.3,2.3,2.2,24.2,0.555
Pascal Siakam,siakapa01,IND,PF,31.0,62.0,62.0,33.2,9.0,18.6,0.484,1.7,4.7,0.358,4.2,6.1,0.693,1.4,5.2,6.6,3.8,1.1,0.4,2.2,2.4,24.0,0.529
Cade Cunningham,cunnica01,DET,PG,24.0,64.0,64.0,33.9,8.6,18.6,0.461,2.0,5.7,0.342,4.8,6.0,0.812,0.9,4.7,5.5,9.9,1.4,0.8,3.7,3.1,23.9,0.513
James Harden,hardeja01,2TM,PG,36.0,70.0,70.0,34.8,7.0,16.0,0.434,3.1,8.2,0.375,6.6,7.5,0.884,0.6,4.2,4.8,8.0,1.1,0.4,3.5,2.0,23.6,0.529
Keyonte George,georgke01,UTA,PG,22.0,54.0,54.0,33.1,7.4,16.3,0.456,2.5,6.7,0.371,6.2,7.0,0.892,0.4,3.3,3.7,6.1,1.1,0.3,3.1,2.2,23.6,0.532
Austin Reaves,reaveau01,LAL,SG,27.0,51.0,45.0,34.5,7.3,14.9,0.49,2.3,6.4,0.36,6.3,7.3,0.871,0.6,4.1,4.7,5.5,1.1,0.4,3.0,2.2,23.3,0.567
Jalen Johnson,johnsja05,ATL,SF,24.0,72.0,72.0,35.2,8.3,17.1,0.489,1.7,4.7,0.352,4.2,5.3,0.788,1.4,8.9,10.3,7.9,1.2,0.4,3.4,2.1,22.5,0.537
Jaren Jackson Jr.,jacksja02,UTA,C,26.0,3.0,3.0,24.0,8.0,16.3,0.49,1.7,5.0,0.333,4.7,5.3,0.875,0.3,4.0,4.3,2.7,2.0,0.3,2.3,3.0,22.3,0.541
Paolo Banchero,banchpa01,ORL,PF,23.0,72.0,72.0,34.8,7.3,16.0,0.459,1.2,3.8,0.305,6.3,8.2,0.775,1.2,7.2,8.4,5.2,0.7,0.6,3.1,2.0,22.2,0.496
Jayson Tatum,tatumja01,BOS,PF,27.0,16.0,16.0,32.6,7.4,17.9,0.411,2.9,8.9,0.329,4.1,4.9,0.823,0.5,9.5,10.0,5.3,1.4,0.2,2.4,1.6,21.8,0.493
Norman Powell,powelno01,MIA,SG,32.0,58.0,52.0,29.6,7.3,15.4,0.47,2.7,7.1,0.38,4.5,5.5,0.827,0.4,3.1,3.5,2.5,1.1,0.2,1.9,2.2,21.7,0.558
Brandon Ingram,ingrabr01,TOR,SF,28.0,77.0,77.0,33.8,8.0,16.7,0.477,1.8,4.6,0.382,3.8,4.6,0.82,0.8,4.8,5.6,3.7,0.8,0.7,2.4,1.9,21.5,0.529
Trey Murphy III,murphtr02,NOP,SF,25.0,66.0,66.0,35.5,7.5,15.9,0.47,3.2,8.6,0.379,3.3,3.7,0.886,1.0,4.8,5.7,3.8,1.5,0.4,1.8,2.1,21.5,0.572
Julius Randle,randlju01,MIN,PF,31.0,79.0,79.0,33.0,7.3,15.3,0.481,1.4,4.4,0.315,5.0,6.3,0.802,1.7,5.1,6.7,5.0,1.1,0.2,2.7,2.8,21.1,0.526
Cooper Flagg,flaggco01,DAL,SF,19.0,70.0,70.0,33.5,8.0,17.1,0.468,1.0,3.5,0.295,4.0,4.9,0.827,1.2,5.4,6.7,4.5,1.2,0.9,2.3,2.0,21.0,0.498
Zion Williamson,willizi01,NOP,PF,25.0,62.0,55.0,29.7,7.8,13.0,0.6,0.0,0.1,0.25,5.4,7.5,0.716,2.0,3.7,5.7,3.2,1.0,0.5,2.0,2.3,21.0,0.6
LeBron James,jamesle01,LAL,SF,41.0,60.0,60.0,33.2,7.9,15.3,0.515,1.3,4.1,0.317,3.9,5.3,0.737,0.7,5.4,6.1,7.2,1.2,0.6,3.0,1.4,20.9,0.557
Nickeil Alexander-Walker,alexani01,ATL,SG,27.0,78.0,71.0,33.4,7.0,15.3,0.459,3.2,8.1,0.399,3.6,3.9,0.902,0.7,2.8,3.4,3.7,1.3,0.5,2.1,2.2,20.8,0.564
Shaedon Sharpe,sharpsh01,POR,SG,22.0,50.0,42.0,29.4,7.8,17.4,0.452,2.1,6.1,0.337,3.1,3.9,0.787,1.0,3.3,4.3,2.6,1.4,0.1,2.9,2.0,20.8,0.511
Franz Wagner,wagnefr01,ORL,SF,24.0,34.0,32.0,30.0,7.2,14.9,0.481,1.4,4.1,0.345,4.8,5.8,0.823,1.3,3.9,5.2,3.3,0.9,0.3,1.7,2.1,20.6,0.529
Tyler Herro,herroty01,MIA,SG,26.0,33.0,28.0,31.3,7.5,15.6,0.48,2.5,6.7,0.378,3.0,3.3,0.917,0.4,4.4,4.8,4.1,0.7,0.4,1.9,1.9,20.5,0.561
James Harden,hardeja01,CLE,PG,36.0,26.0,26.0,33.8,6.3,13.5,0.466,3.1,7.1,0.435,4.8,5.8,0.84,0.5,4.3,4.8,7.7,0.8,0.5,3.2,2.1,20.5,0.58
Alperen Şengün,sengual01,HOU,C,23.0,72.0,72.0,33.3,8.1,15.6,0.519,0.6,1.8,0.305,3.6,5.2,0.691,3.0,5.9,8.9,6.2,1.2,1.1,3.2,3.3,20.4,0.537
Anthony Davis,davisan02,DAL,PF,32.0,20.0,20.0,31.3,8.5,16.7,0.506,0.5,1.9,0.27,3.0,4.1,0.728,3.1,8.0,11.1,2.8,1.1,1.7,2.1,2.1,20.4,0.521
Brandon Miller,millebr02,CHO,SF,23.0,65.0,65.0,30.3,7.0,16.1,0.435,3.1,8.2,0.383,3.1,3.4,0.892,1.1,3.8,4.9,3.3,1.0,0.7,2.5,2.8,20.2,0.533
Dillon Brooks,brookdi01,PHO,SF,30.0,56.0,56.0,30.4,7.4,17.1,0.435,2.3,6.6,0.344,3.0,3.6,0.842,0.8,2.9,3.6,1.8,1.0,0.2,1.8,3.3,20.2,0.501
Desmond Bane,banede01,ORL,SG,27.0,82.0,82.0,33.6,7.1,14.7,0.484,2.0,5.2,0.391,3.8,4.2,0.908,1.2,2.9,4.1,4.1,1.0,0.5,2.0,3.1,20.1,0.553
Karl-Anthony Towns,townska01,NYK,C,30.0,75.0,75.0,31.0,6.9,13.8,0.501,1.5,4.1,0.368,4.8,5.5,0.858,3.1,8.7,11.9,3.0,0.9,0.5,2.5,3.4,20.1,0.556
Bam Adebayo,adebaba01,MIA,C,28.0,73.0,73.0,32.4,6.9,15.7,0.442,1.7,5.5,0.318,4.5,5.8,0.778,2.0,8.0,10.0,3.2,1.2,0.7,1.6,1.7,20.1,0.497
LaMelo Ball,ballla01,CHO,PG,24.0,72.0,69.0,28.0,7.0,17.3,0.407,3.8,10.3,0.368,2.2,2.5,0.899,0.9,3.9,4.8,7.1,1.2,0.2,2.8,2.7,20.1,0.516
Jimmy Butler,butleji01,GSW,SF,36.0,38.0,38.0,31.1,6.3,12.2,0.519,0.8,2.2,0.376,6.5,7.6,0.864,2.3,3.2,5.6,4.9,1.4,0.2,1.6,1.2,20.0,0.554
Darius Garland,garlada01,LAC,PG,26.0,19.0,17.0,29.1,7.3,15.5,0.471,3.3,7.6,0.438,1.9,2.3,0.86,0.3,2.0,2.3,6.4,1.2,0.3,3.0,1.9,19.9,0.578
Ty Jerome,jeromty01,MEM,SG,28.0,15.0,15.0,22.6,6.8,14.3,0.474,2.8,6.7,0.42,3.3,3.7,0.875,0.7,2.1,2.8,5.7,1.1,0.3,1.8,2.1,19.7,0.572
Jalen Duren,durenja01,DET,C,22.0,70.0,70.0,28.2,7.5,11.5,0.65,0.0,0.0,,4.6,6.1,0.747,3.8,6.7,10.5,2.0,0.8,0.8,1.9,2.8,19.5,0.65
Ja Morant,moranja01,MEM,PG,26.0,20.0,20.0,28.5,6.6,16.1,0.41,1.0,4.3,0.235,5.3,5.9,0.897,0.4,2.9,3.3,8.1,1.0,0.3,3.6,2.0,19.5,0.441
Jaren Jackson Jr.,jacksja02,2TM,C,26.0,48.0,48.0,30.3,7.1,15.0,0.476,1.8,4.9,0.357,3.4,4.2,0.803,0.9,4.8,5.7,2.0,1.1,1.4,2.2,3.7,19.4,0.534
RJ Barrett,barrerj01,TOR,SF,25.0,57.0,57.0,30.3,7.0,14.3,0.491,1.7,5.0,0.339,3.5,4.9,0.717,1.0,4.3,5.3,3.3,0.7,0.3,1.7,2.6,19.3,0.55
Trae Young,youngtr01,ATL,PG,27.0,10.0,10.0,28.0,5.6,13.5,0.415,1.8,5.9,0.305,6.3,7.3,0.863,0.0,1.5,1.5,8.9,1.0,0.1,2.6,2.0,19.3,0.481
Jaren Jackson Jr.,jacksja02,MEM,C,26.0,45.0,45.0,30.7,7.1,14.9,0.475,1.8,4.9,0.359,3.3,4.2,0.797,0.9,4.8,5.8,1.9,1.0,1.5,2.2,3.8,19.2,0.534
Zach LaVine,lavinza01,SAC,SG,30.0,39.0,37.0,31.4,6.7,14.0,0.479,2.5,6.5,0.39,3.2,3.6,0.88,0.2,2.6,2.8,2.3,0.7,0.3,1.9,2.1,19.2,0.569
Darius Garland,garlada01,2TM,PG,26.0,45.0,43.0,29.9,6.9,14.9,0.46,2.7,6.8,0.396,2.3,2.7,0.861,0.4,2.0,2.4,6.7,1.0,0.2,2.9,1.9,18.8,0.551
CJ McCollum,mccolcj01,WAS,SG,34.0,35.0,35.0,30.9,6.9,15.1,0.454,2.7,7.0,0.393,2.3,2.9,0.804,0.7,2.9,3.5,3.6,0.7,0.3,1.7,2.1,18.8,0.544
CJ McCollum,mccolcj01,2TM,PG,34.0,76.0,60.0,29.8,6.9,15.2,0.455,2.5,6.7,0.375,2.4,3.1,0.772,0.8,2.5,3.3,3.9,0.8,0.5,1.8,1.9,18.7,0.538
CJ McCollum,mccolcj01,ATL,PG,34.0,41.0,25.0,28.8,7.0,15.2,0.456,2.3,6.5,0.357,2.5,3.3,0.748,1.0,2.2,3.1,4.1,1.0,0.6,1.9,1.7,18.7,0.532
De'Aaron Fox,foxde01,SAS,PG,28.0,72.0,72.0,31.0,7.1,14.5,0.486,1.8,5.5,0.332,2.6,3.4,0.76,0.6,3.2,3.8,6.2,1.2,0.3,2.3,2.3,18.6,0.549
Jerami Grant,grantje01,POR,PF,31.0,57.0,38.0,29.7,5.8,12.8,0.453,2.4,6.1,0.389,4.6,5.6,0.814,1.0,2.5,3.5,2.1,0.7,0.6,2.1,2.5,18.6,0.547
Coby White,whiteco01,CHI,SG,25.0,29.0,26.0,29.1,5.9,13.6,0.438,2.5,7.2,0.346,4.3,5.3,0.805,0.2,3.5,3.7,4.7,0.7,0.1,3.0,2.4,18.6,0.529
Kon Knueppel,knuepko01,CHO,SF,20.0,81.0,80.0,31.5,6.4,13.4,0.475,3.4,7.9,0.425,2.4,2.8,0.863,1.2,4.1,5.3,3.4,0.7,0.2,2.0,2.1,18.5,0.601
DeMar DeRozan,derozde01,SAC,PF,36.0,77.0,77.0,31.2,6.5,13.1,0.497,0.6,1.9,0.32,4.9,5.6,0.868,0.5,2.5,2.9,4.1,1.0,0.3,1.2,1.9,18.4,0.52
Amen Thompson,thompam01,HOU,PG,23.0,79.0,79.0,37.4,7.1,13.2,0.534,0.3,1.5,0.216,3.8,4.9,0.779,3.0,4.8,7.8,5.3,1.5,0.6,2.4,2.2,18.3,0.545
Evan Mobley,mobleev01,CLE,PF,24.0,65.0,63.0,31.9,7.2,13.2,0.546,1.0,3.2,0.297,2.8,4.6,0.606,2.4,6.6,9.0,3.6,0.7,1.7,1.9,2.4,18.2,0.582
Scottie Barnes,barnesc01,TOR,PF,24.0,80.0,80.0,33.5,7.1,14.0,0.507,0.9,2.8,0.304,3.0,3.7,0.815,1.9,5.6,7.5,5.9,1.4,1.5,2.6,2.6,18.1,0.537
Darius Garland,garlada01,CLE,PG,26.0,26.0,26.0,30.5,6.5,14.5,0.451,2.3,6.3,0.36,2.6,3.0,0.861,0.5,2.0,2.4,6.9,0.8,0.1,2.8,1.8,18.0,0.529
Trae Young,youngtr01,2TM,PG,27.0,15.0,15.0,25.6,5.4,11.8,0.458,1.8,5.3,0.338,5.3,6.5,0.825,0.3,1.7,2.0,8.0,0.9,0.1,2.6,2.2,17.9,0.534
Jalen Green,greenja05,PHO,SG,23.0,32.0,27.0,25.9,6.8,16.0,0.422,2.2,7.1,0.313,2.0,2.7,0.747,0.5,3.1,3.6,2.8,1.1,0.3,2.3,1.3,17.8,0.491
Bennedict Mathurin,mathube01,IND,SF,23.0,28.0,24.0,31.8,5.5,12.8,0.433,2.1,5.6,0.372,4.6,5.2,0.884,0.8,4.6,5.4,2.3,0.6,0.1,2.3,2.7,17.8,0.514
Saddiq Bey,beysa01,NOP,SF,26.0,72.0,64.0,31.2,6.1,13.4,0.451,2.1,5.7,0.367,3.4,4.1,0.841,1.7,3.9,5.6,2.5,0.9,0.1,0.9,1.3,17.7,0.529
Bennedict Mathurin,mathube01,2TM,SF,23.0,54.0,25.0,30.0,5.4,12.5,0.43,1.4,4.4,0.315,5.4,6.2,0.869,1.0,4.4,5.4,2.4,0.8,0.2,2.2,2.5,17.6,0.485
Collin Sexton,sextoco01,CHI,SG,27.0,26.0,10.0,26.0,6.1,12.6,0.482,2.1,5.2,0.41,3.2,3.9,0.822,0.9,2.0,2.9,2.5,1.5,0.1,2.0,2.7,17.5,0.566
Coby White,whiteco01,2TM,SG,25.0,50.0,26.0,25.0,5.6,12.5,0.446,2.3,6.4,0.362,3.9,4.8,0.817,0.3,3.1,3.4,4.0,0.5,0.1,2.6,2.2,17.4,0.539
Kevin Porter Jr.,porteke02,MIL,PG,25.0,38.0,36.0,33.2,6.3,13.5,0.465,1.2,3.8,0.322,3.6,4.1,0.878,0.9,4.3,5.2,7.4,2.2,0.5,2.9,2.3,17.4,0.51
Bennedict Mathurin,mathube01,LAC,SF,23.0,26.0,1.0,28.0,5.2,12.3,0.426,0.7,3.2,0.207,6.3,7.3,0.858,1.3,4.2,5.5,2.5,1.0,0.3,2.1,2.3,17.4,0.453
Ryan Rollins,rolliry01,MIL,PG,23.0,74.0,67.0,32.1,6.6,13.9,0.472,2.5,6.1,0.406,1.7,2.1,0.796,0.7,3.8,4.6,5.6,1.5,0.4,2.7,2.6,17.3,0.561
Paul George,georgpa01,PHI,PF,35.0,37.0,37.0,30.7,6.1,13.9,0.439,2.7,6.9,0.392,2.5,3.0,0.82,0.5,4.8,5.3,3.6,1.7,0.4,1.7,2.3,17.3,0.536
Miles Bridges,bridgmi02,CHO,PF,27.0,77.0,77.0,31.0,6.2,13.5,0.46,1.9,5.8,0.333,2.7,3.3,0.822,1.0,4.9,5.8,3.2,0.6,0.4,1.4,1.7,17.1,0.531
Chet Holmgren,holmgch01,OKC,PF,23.0,69.0,69.0,28.9,6.3,11.3,0.557,1.3,3.5,0.362,3.3,4.1,0.792,1.9,7.0,8.9,1.7,0.6,1.9,1.6,2.3,17.1,0.614
Jalen Williams,willija06,OKC,SG,24.0,33.0,33.0,28.4,6.5,13.5,0.484,0.7,2.3,0.299,3.3,3.9,0.837,0.8,3.8,4.6,5.5,1.2,0.3,1.9,2.0,17.1,0.51
Kristaps Porziņģis,porzikr01,ATL,C,30.0,17.0,12.0,24.3,5.6,12.4,0.457,1.8,5.1,0.36,4.0,4.8,0.84,1.2,3.9,5.1,2.7,0.5,1.3,0.9,3.2,17.1,0.531
Payton Pritchard,pritcpa01,BOS,PG,28.0,79.0,50.0,32.4,6.4,13.8,0.464,2.7,7.1,0.377,1.5,1.7,0.89,0.9,3.1,3.9,5.2,0.7,0.1,1.4,1.5,17.0,0.561
Josh Giddey,giddejo01,CHI,PG,23.0,54.0,51.0,32.1,5.9,13.3,0.448,1.9,5.2,0.364,3.2,4.2,0.763,1.2,7.1,8.3,9.1,1.0,0.5,3.6,1.7,17.0,0.52
Andrew Nembhard,nembhan01,IND,PG,26.0,57.0,57.0,31.3,5.8,13.2,0.442,1.9,5.2,0.361,3.4,4.1,0.825,0.4,2.4,2.8,7.7,0.9,0.1,2.4,2.2,16.9,0.513
Nikola Vučević,vucevni01,CHI,C,35.0,48.0,48.0,30.8,6.9,13.8,0.505,1.7,4.5,0.376,1.3,1.5,0.838,2.1,6.9,9.0,3.8,0.7,0.6,1.4,2.0,16.9,0.567
Stephon Castle,castlst01,SAS,PG,21.0,68.0,67.0,30.0,5.7,12.0,0.471,1.2,3.6,0.332,4.1,5.6,0.734,1.4,3.9,5.3,7.4,1.1,0.3,3.2,3.3,16.7,0.521
OG Anunoby,anunoog01,NYK,PF,28.0,67.0,67.0,33.2,5.8,12.0,0.484,2.3,6.1,0.386,2.7,3.3,0.828,1.3,4.0,5.2,2.2,1.6,0.7,1.8,2.4,16.7,0.581
Kristaps Porziņģis,porzikr01,2TM,C,30.0,32.0,23.0,24.0,5.4,12.1,0.446,1.7,5.0,0.338,4.2,4.9,0.842,1.3,4.0,5.2,2.5,0.6,1.2,1.3,2.9,16.7,0.515
Dejounte Murray,murrade01,NOP,PG,29.0,14.0,14.0,27.8,6.3,13.0,0.484,1.4,4.4,0.306,2.8,3.2,0.867,0.3,5.1,5.4,6.4,1.6,0.2,3.4,2.4,16.7,0.536
Derrick White,whitede01,BOS,SG,31.0,77.0,77.0,34.1,5.7,14.4,0.394,2.7,8.3,0.327,2.4,2.6,0.902,1.1,3.3,4.4,5.4,1.1,1.3,1.7,1.5,16.5,0.489
Grayson Allen,allengr01,PHO,SG,30.0,51.0,27.0,28.8,5.3,13.1,0.403,3.1,8.9,0.349,2.8,3.3,0.857,0.7,2.3,3.0,3.8,1.4,0.3,1.6,2.3,16.5,0.522
Immanuel Quickley,quickim01,TOR,PG,26.0,70.0,70.0,31.9,5.7,12.9,0.443,2.5,6.8,0.374,2.4,3.0,0.821,0.5,3.5,4.0,5.9,1.3,0.1,1.5,2.0,16.4,0.541
Matas Buzelis,buzelma01,CHI,PF,21.0,77.0,77.0,29.2,5.8,12.5,0.463,2.2,6.4,0.349,2.4,3.1,0.786,1.0,4.8,5.8,2.1,0.7,1.5,2.1,2.3,16.3,0.553
Jrue Holiday,holidjr01,POR,PG,35.0,53.0,51.0,29.4,6.0,13.4,0.451,2.6,6.8,0.378,1.7,2.0,0.838,1.3,3.3,4.6,6.1,1.0,0.1,2.8,1.5,16.3,0.548
Alex Sarr,sarral01,WAS,C,20.0,48.0,48.0,27.2,6.6,13.7,0.482,1.0,3.1,0.333,2.1,3.0,0.692,2.2,5.2,7.4,2.7,0.8,2.0,1.7,2.2,16.3,0.52
Dariq Whitehead,whiteda01,MEM,SF,21.0,6.0,2.0,30.5,6.2,15.5,0.398,3.2,10.0,0.317,0.8,1.2,0.714,0.3,3.7,4.0,1.5,0.7,0.0,1.7,2.2,16.3,0.5
Aaron Gordon,gordoaa01,DEN,PF,30.0,36.0,33.0,27.9,5.5,11.1,0.497,1.7,4.4,0.389,3.5,4.5,0.767,1.4,4.4,5.8,2.7,0.6,0.3,1.1,1.7,16.2,0.574
Kristaps Porziņģis,porzikr01,GSW,C,30.0,15.0,11.0,23.7,5.1,11.9,0.433,1.5,4.9,0.311,4.3,5.1,0.844,1.3,4.1,5.3,2.3,0.6,1.1,1.7,2.5,16.1,0.497
VJ Edgecombe,edgecvj01,PHI,SG,20.0,75.0,75.0,35.0,6.0,13.7,0.438,2.0,5.6,0.354,2.0,2.4,0.818,1.6,4.0,5.6,4.2,1.4,0.5,1.8,2.9,16.0,0.51
Jabari Smith Jr.,smithja05,HOU,PF,22.0,77.0,77.0,35.1,5.7,12.6,0.45,2.3,6.3,0.363,2.1,2.7,0.775,1.4,5.5,6.9,1.9,0.7,0.9,1.4,2.5,15.8,0.541
Domantas Sabonis,sabondo01,SAC,C,29.0,19.0,15.0,29.7,6.3,11.6,0.543,0.3,1.4,0.185,2.9,4.1,0.727,3.4,8.0,11.4,4.1,0.9,0.2,2.7,3.5,15.8,0.554
Cam Thomas,thomaca02,BRK,SG,24.0,24.0,8.0,24.3,5.1,12.8,0.399,1.6,4.9,0.325,3.8,4.5,0.843,0.4,1.4,1.8,3.1,0.2,0.1,2.0,1.3,15.6,0.461
Coby White,whiteco01,CHO,SG,25.0,21.0,0.0,19.3,5.0,11.0,0.461,2.0,5.2,0.391,3.5,4.1,0.839,0.5,2.5,3.0,3.0,0.2,0.1,1.9,1.9,15.6,0.554
Jaime Jaquez Jr.,jaqueja01,MIA,SF,24.0,75.0,1.0,28.3,6.2,12.2,0.507,0.8,2.4,0.317,2.2,2.9,0.769,1.3,3.7,5.0,4.7,0.7,0.3,2.0,1.8,15.4,0.539
Collin Sexton,sextoco01,2TM,SG,27.0,68.0,22.0,23.7,5.3,10.9,0.485,1.6,4.1,0.401,3.2,3.8,0.855,0.6,1.7,2.3,3.3,1.1,0.1,2.1,2.1,15.4,0.561
Andrew Wiggins,wiggian01,MIA,SF,30.0,68.0,68.0,30.3,5.7,12.1,0.475,2.0,4.9,0.414,1.9,2.4,0.784,1.7,3.1,4.8,2.7,1.1,1.0,1.5,2.3,15.4,0.559
Jarrett Allen,allenja01,CLE,C,27.0,56.0,56.0,27.1,6.0,9.4,0.638,0.0,0.2,0.1,3.3,4.7,0.709,2.6,5.9,8.5,1.8,1.0,0.8,1.3,1.7,15.4,0.639
Naji Marshall,marshna01,DAL,SF,28.0,74.0,47.0,29.5,5.7,11.1,0.51,0.8,2.9,0.291,3.1,4.1,0.76,0.9,3.8,4.7,3.3,1.1,0.1,1.6,1.9,15.2,0.548
Onyeka Okongwu,okongon01,ATL,C,25.0,74.0,63.0,31.0,5.6,11.6,0.48,1.9,5.2,0.376,2.1,2.7,0.757,1.9,5.7,7.6,3.1,1.1,1.1,1.7,3.3,15.2,0.564
Russell Westbrook,westbru01,SAC,SF,37.0,64.0,58.0,29.0,5.6,13.1,0.427,2.0,5.9,0.338,2.0,2.9,0.694,1.3,4.2,5.4,6.7,1.3,0.2,3.3,2.3,15.2,0.503
Anfernee Simons,simonan01,CHI,SG,26.0,6.0,5.0,28.3,5.8,13.3,0.438,2.7,8.3,0.32,0.8,0.8,1.0,0.8,2.0,2.8,3.0,0.0,0.3,2.2,2.0,15.2,0.538
Trae Young,youngtr01,WAS,PG,27.0,5.0,5.0,20.8,5.0,8.4,0.595,1.8,4.2,0.429,3.4,4.8,0.708,0.8,2.2,3.0,6.2,0.6,0.2,2.6,2.6,15.2,0.702
Nikola Vučević,vucevni01,2TM,C,35.0,64.0,49.0,28.4,6.2,12.5,0.493,1.6,4.2,0.369,1.2,1.5,0.828,2.0,6.4,8.4,3.3,0.6,0.6,1.3,2.0,15.1,0.556
Anthony Black,blackan01,ORL,PG,22.0,64.0,40.0,29.8,5.4,12.1,0.447,1.6,4.7,0.333,2.6,3.6,0.732,0.7,3.1,3.8,3.7,1.4,0.7,2.1,2.7,15.0,0.512
Ayo Dosunmu,dosunay01,CHI,SG,26.0,45.0,10.0,26.4,5.6,10.8,0.514,1.9,4.3,0.451,2.0,2.3,0.857,0.7,2.3,3.0,3.6,0.8,0.3,1.4,1.7,15.0,0.604
Kennedy Chandler,chandke01,UTA,PG,23.0,11.0,2.0,32.3,5.5,12.5,0.445,1.4,3.5,0.395,2.5,3.9,0.651,0.5,2.8,3.4,6.7,1.0,0.2,2.1,2.1,15.0,0.5
Brice Sensabaugh,sensabr01,UTA,SF,22.0,75.0,22.0,23.5,5.3,11.4,0.46,2.2,5.9,0.367,2.2,2.7,0.826,0.7,2.3,3.1,1.9,0.7,0.2,1.7,1.9,14.9,0.554
Jaden McDaniels,mcdanja02,MIN,PF,25.0,73.0,73.0,31.7,5.7,11.1,0.515,1.4,3.4,0.412,2.0,2.4,0.835,1.0,3.2,4.2,2.7,1.1,1.0,1.8,3.3,14.8,0.579
Ayo Dosunmu,dosunay01,2TM,SG,26.0,69.0,19.0,27.3,5.6,10.8,0.517,1.8,4.1,0.439,1.8,2.1,0.876,0.7,2.8,3.4,3.6,0.8,0.3,1.4,1.9,14.8,0.599
Kyshawn George,georgky01,WAS,SF,22.0,48.0,48.0,29.0,5.3,12.0,0.438,2.1,5.4,0.381,2.2,2.7,0.802,0.9,4.2,5.1,4.5,1.0,0.9,2.6,3.5,14.8,0.524
Peyton Watson,watsope01,DEN,SF,23.0,54.0,40.0,29.6,5.3,10.8,0.491,1.5,3.6,0.411,2.6,3.5,0.73,0.9,4.0,4.9,2.1,0.9,1.1,1.7,2.5,14.6,0.56
Mikal Bridges,bridgmi01,NYK,SF,29.0,82.0,82.0,32.8,5.8,11.7,0.49,1.9,5.1,0.371,1.0,1.2,0.827,1.0,2.8,3.8,3.7,1.3,0.8,1.0,2.0,14.4,0.571
Ivica Zubac,zubaciv01,LAC,C,28.0,43.0,42.0,30.9,6.1,10.0,0.613,0.0,0.0,,2.2,3.1,0.705,3.4,7.6,11.0,2.2,0.4,0.8,1.9,2.4,14.4,0.613
Ayo Dosunmu,dosunay01,MIN,SG,26.0,24.0,9.0,28.9,5.7,10.9,0.521,1.5,3.6,0.414,1.5,1.7,0.925,0.6,3.6,4.2,3.5,1.0,0.3,1.5,2.2,14.4,0.59
Walker Kessler,kesslwa01,UTA,C,24.0,5.0,5.0,30.8,5.2,7.4,0.703,1.2,1.6,0.75,2.8,4.0,0.7,4.6,6.2,10.8,3.0,1.4,1.8,3.2,4.4,14.4,0.784
Jeremiah Fears,fearsje01,NOP,PG,19.0,82.0,49.0,25.8,5.3,12.3,0.434,1.2,3.7,0.33,2.4,3.0,0.789,0.7,2.9,3.7,3.4,1.2,0.4,2.2,1.8,14.3,0.485
Anfernee Simons,simonan01,2TM,SG,26.0,55.0,5.0,24.9,5.2,11.8,0.44,2.7,6.9,0.385,1.3,1.4,0.896,0.6,1.9,2.5,2.4,0.5,0.1,1.2,1.7,14.3,0.552
Cormac Ryan,ryanco01,MIL,SG,27.0,11.0,2.0,24.6,4.8,9.3,0.52,2.5,5.4,0.458,2.2,2.4,0.923,0.7,1.8,2.5,1.7,1.0,0.3,1.5,2.5,14.3,0.652
P.J. Washington,washipj01,DAL,PF,27.0,56.0,53.0,31.0,5.3,11.8,0.45,1.4,4.2,0.325,2.2,3.3,0.687,1.5,5.5,7.0,1.8,1.0,1.1,1.7,2.1,14.2,0.508
Anfernee Simons,simonan01,BOS,SG,26.0,49.0,0.0,24.5,5.1,11.6,0.44,2.7,6.7,0.395,1.3,1.5,0.889,0.5,1.9,2.4,2.4,0.6,0.1,1.1,1.7,14.2,0.555
Collin Sexton,sextoco01,CHO,SG,27.0,42.0,12.0,22.3,4.8,9.9,0.488,1.4,3.5,0.393,3.2,3.7,0.877,0.4,1.5,1.9,3.7,0.9,0.2,2.1,1.8,14.2,0.557
Scoot Henderson,hendesc01,POR,PG,21.0,30.0,10.0,24.9,4.8,11.4,0.418,1.9,5.4,0.352,2.8,3.3,0.84,0.6,2.1,2.7,3.7,0.9,0.3,2.4,2.8,14.2,0.501
Tre Jones,jonestr01,CHI,PG,26.0,65.0,41.0,27.0,5.2,9.5,0.553,0.6,2.0,0.315,2.9,3.5,0.841,0.6,2.6,3.1,5.4,1.2,0.2,1.4,1.4,14.1,0.586
Kelly Oubre Jr.,oubreke01,PHI,SF,30.0,50.0,41.0,31.5,5.1,10.9,0.467,1.7,4.8,0.36,2.2,2.9,0.766,1.0,4.0,5.0,1.6,1.4,0.5,1.4,2.5,14.1,0.546
Ivica Zubac,zubaciv01,2TM,C,28.0,48.0,47.0,30.1,6.0,10.0,0.598,0.0,0.0,,2.1,3.0,0.711,3.4,7.2,10.6,2.2,0.4,0.8,1.8,2.3,14.1,0.598
Santi Aldama,aldamsa01,MEM,PF,25.0,43.0,11.0,27.9,5.3,11.1,0.479,1.6,4.7,0.35,1.8,2.7,0.667,1.6,5.1,6.7,2.9,0.9,0.7,1.3,1.6,14.0,0.553
De'Andre Hunter,huntede01,CLE,SF,28.0,43.0,23.0,26.2,4.7,11.2,0.423,1.7,5.5,0.308,2.8,3.2,0.869,0.7,3.6,4.2,2.1,0.7,0.1,1.7,2.5,14.0,0.499
Keegan Murray,murrake02,SAC,PF,25.0,23.0,22.0,34.5,5.5,13.0,0.42,1.3,4.9,0.277,1.7,2.1,0.776,1.4,4.3,5.7,1.7,1.0,1.6,1.2,1.8,14.0,0.472
Devin Vassell,vassede01,SAS,SG,25.0,67.0,65.0,30.5,4.9,11.3,0.437,2.5,6.4,0.384,1.6,1.9,0.815,0.6,3.4,4.0,2.5,0.9,0.4,0.9,1.6,13.9,0.547
Brandin Podziemski,podzibr01,GSW,SG,22.0,82.0,43.0,28.5,4.8,10.6,0.455,1.9,5.0,0.371,2.3,2.9,0.797,0.9,4.2,5.1,3.7,1.1,0.2,1.6,1.7,13.8,0.543
Ace Bailey,baileac01,UTA,SF,19.0,72.0,61.0,27.6,5.5,12.4,0.443,1.9,5.5,0.344,0.9,1.2,0.75,1.4,2.8,4.2,1.8,0.8,0.7,1.5,2.7,13.8,0.52
Jalen Suggs,suggsja01,ORL,PG,24.0,57.0,56.0,27.6,4.9,11.4,0.435,2.1,6.3,0.339,1.8,2.1,0.855,0.6,3.2,3.9,5.5,1.8,0.7,2.7,2.5,13.8,0.529
Aaron Nesmith,nesmiaa01,IND,SF,26.0,45.0,42.0,29.7,4.7,11.4,0.414,2.3,6.2,0.379,2.0,2.5,0.829,1.1,3.1,4.2,1.9,0.6,0.5,1.4,2.8,13.8,0.517
Bobby Portis,portibo01,MIL,PF,30.0,67.0,9.0,24.2,5.5,11.2,0.488,2.0,4.4,0.456,0.7,1.0,0.706,1.3,5.1,6.4,1.6,0.6,0.2,1.0,1.6,13.7,0.578
De'Andre Hunter,huntede01,2TM,SF,28.0,45.0,25.0,26.1,4.6,11.1,0.415,1.7,5.5,0.305,2.8,3.2,0.867,0.7,3.4,4.1,2.0,0.7,0.1,1.7,2.5,13.7,0.49
Naz Reid,reidna01,MIN,C,26.0,77.0,3.0,26.1,5.2,11.3,0.456,2.1,5.8,0.362,1.2,1.6,0.732,1.2,5.0,6.2,2.2,1.0,1.0,1.6,2.5,13.6,0.549
John Collins,collijo01,LAC,PF,28.0,69.0,56.0,27.1,5.3,9.6,0.552,1.3,3.2,0.406,1.7,2.2,0.766,1.6,3.7,5.3,1.0,0.9,0.7,1.4,2.7,13.6,0.62
Cedric Coward,cowarce01,MEM,SG,22.0,62.0,47.0,25.8,4.9,10.5,0.471,1.5,4.4,0.338,2.3,2.7,0.843,1.3,4.5,5.9,2.8,0.6,0.4,1.7,2.0,13.6,0.542
Ajay Mitchell,mitchaj01,OKC,SG,23.0,57.0,16.0,25.8,5.0,10.4,0.485,1.1,3.1,0.347,2.5,2.8,0.87,0.7,2.6,3.3,3.6,1.2,0.3,1.4,2.1,13.6,0.536
Zach Edey,edeyza01,MEM,C,23.0,11.0,11.0,25.8,5.6,8.9,0.633,0.1,0.5,0.2,2.3,2.9,0.781,3.9,7.2,11.1,1.1,0.6,1.9,2.4,3.4,13.6,0.638
Reed Sheppard,sheppre01,HOU,SG,21.0,82.0,21.0,26.2,5.0,11.5,0.43,2.8,7.0,0.394,0.8,1.0,0.802,0.3,2.6,2.9,3.4,1.5,0.7,1.5,2.0,13.5,0.55
Tim Hardaway Jr.,hardati02,DEN,SG,33.0,80.0,6.0,26.6,4.4,9.7,0.447,2.8,6.9,0.407,2.0,2.5,0.811,0.2,2.4,2.6,1.4,0.5,0.1,0.5,1.3,13.5,0.591
Cam Thomas,thomaca02,2TM,SG,24.0,42.0,8.0,21.0,4.5,11.0,0.41,1.2,4.0,0.31,3.3,4.0,0.811,0.3,1.4,1.7,2.6,0.2,0.1,1.8,1.0,13.5,0.466
Toumani Camara,camarto01,POR,PF,25.0,82.0,82.0,33.3,4.8,10.9,0.44,2.7,7.2,0.37,1.2,1.7,0.708,1.6,3.6,5.1,2.5,1.1,0.4,1.8,2.9,13.4,0.563
Quentin Grimes,grimequ01,PHI,SG,25.0,75.0,19.0,29.4,4.5,10.1,0.45,1.7,5.1,0.334,2.7,3.2,0.84,0.6,3.0,3.6,3.3,0.9,0.4,1.8,2.1,13.4,0.534
Jordan Poole,poolejo01,NOP,PG,26.0,39.0,8.0,23.9,4.2,11.4,0.372,2.5,7.4,0.333,2.5,2.9,0.86,0.2,1.7,2.0,3.1,0.6,0.4,1.8,2.3,13.4,0.48
Tobias Harris,harrito02,DET,PF,33.0,63.0,63.0,27.7,4.9,10.5,0.469,1.3,3.5,0.368,2.2,2.5,0.866,0.9,4.3,5.1,2.5,0.9,0.4,1.0,1.7,13.3,0.531
Keldon Johnson,johnske04,SAS,SF,26.0,82.0,0.0,23.3,5.0,9.7,0.519,1.2,3.3,0.363,1.9,2.4,0.794,1.7,3.7,5.4,1.4,0.6,0.1,0.9,2.0,13.2,0.582
Jaylon Tyson,tysonja01,CLE,SG,23.0,66.0,42.0,26.9,5.0,10.2,0.493,2.0,4.5,0.446,1.2,1.6,0.738,1.8,3.3,5.1,2.2,0.8,0.4,1.5,2.5,13.2,0.592
Kyle Kuzma,kuzmaky01,MIL,PF,30.0,69.0,43.0,26.2,4.9,10.0,0.492,1.2,3.5,0.347,2.0,2.7,0.726,0.8,3.7,4.5,2.7,0.7,0.4,1.7,1.9,13.0,0.552
Brandon Williams,willibr03,DAL,PG,26.0,66.0,15.0,22.2,4.4,9.3,0.472,0.5,2.3,0.232,3.7,4.6,0.793,0.5,2.4,2.9,3.9,0.9,0.3,1.9,1.6,13.0,0.501
Sam Merrill,merrisa01,CLE,SG,29.0,52.0,38.0,26.5,4.3,9.3,0.461,3.0,7.2,0.421,1.1,1.3,0.855,0.5,2.0,2.6,2.4,0.6,0.1,0.8,2.4,12.8,0.624
Dennis Schröder,schrode01,SAC,PG,32.0,40.0,14.0,26.4,4.3,10.6,0.408,1.4,4.2,0.343,2.7,3.3,0.82,0.6,2.5,3.1,5.3,0.8,0.2,2.0,1.7,12.8,0.475
Collin Gillespie,gilleco01,PHO,PG,26.0,80.0,58.0,28.5,4.4,10.5,0.418,2.9,7.2,0.401,1.0,1.1,0.874,1.1,3.0,4.1,4.6,1.2,0.2,1.6,1.6,12.7,0.556
Jaden Hardy,hardyja02,WAS,SG,23.0,23.0,0.0,20.4,4.5,10.2,0.443,2.5,6.0,0.42,1.0,1.5,0.686,0.2,1.5,1.7,1.3,0.3,0.2,1.5,2.2,12.6,0.566
Maxime Raynaud,raynama01,SAC,C,22.0,74.0,56.0,26.5,5.2,9.1,0.571,0.3,1.0,0.324,1.8,2.3,0.786,1.9,5.6,7.5,1.4,0.5,0.5,1.3,2.3,12.5,0.589
Deandre Ayton,aytonde01,LAL,C,27.0,72.0,72.0,27.2,5.6,8.3,0.671,0.0,0.0,,1.3,2.0,0.645,2.6,5.4,8.0,0.8,0.6,1.0,1.2,2.2,12.5,0.671
Jaylen Wells,wellsja01,MEM,SG,22.0,69.0,69.0,26.4,4.4,10.1,0.431,1.9,5.3,0.353,1.9,2.5,0.784,0.9,2.3,3.2,1.6,0.9,0.1,1.1,2.1,12.5,0.524
Malik Monk,monkma01,SAC,SG,27.0,62.0,3.0,22.0,4.5,10.2,0.438,2.0,5.1,0.395,1.5,1.7,0.879,0.2,1.6,1.9,3.0,0.6,0.4,1.5,1.6,12.5,0.536
GG Jackson II,jacksgg01,MEM,PF,21.0,55.0,28.0,21.4,4.6,9.3,0.496,1.2,3.5,0.332,2.0,2.7,0.742,0.9,3.4,4.3,1.5,0.6,0.8,1.5,1.4,12.5,0.558
Max Christie,chrisma02,DAL,SG,22.0,77.0,68.0,29.1,4.2,9.4,0.441,2.3,5.8,0.404,1.6,1.8,0.899,0.2,3.0,3.2,2.0,0.6,0.4,1.2,1.3,12.3,0.566
Noah Clowney,clownno01,BRK,PF,21.0,66.0,60.0,27.0,3.8,9.6,0.396,2.0,5.9,0.329,2.7,3.4,0.804,0.8,3.3,4.1,1.6,0.8,0.7,1.5,2.5,12.3,0.498
De'Anthony Melton,meltode01,GSW,PG,27.0,49.0,24.0,23.0,4.4,10.8,0.407,1.5,5.0,0.294,2.0,2.5,0.826,0.8,2.4,3.2,2.6,1.6,0.4,1.9,1.9,12.3,0.475
Jonathan Kuminga,kuminjo01,ATL,PF,23.0,16.0,1.0,22.1,4.3,9.1,0.476,1.1,3.3,0.346,2.5,3.6,0.702,1.3,4.1,5.3,2.1,0.9,0.3,1.3,1.4,12.3,0.538
Donte DiVincenzo,divindo01,MIN,SG,29.0,82.0,82.0,30.4,4.1,10.2,0.406,3.0,7.9,0.379,1.0,1.3,0.743,0.8,3.3,4.1,3.8,1.3,0.4,1.4,2.4,12.2,0.552
Duncan Robinson,robindu01,DET,SG,31.0,77.0,77.0,27.4,4.1,9.1,0.456,2.9,7.0,0.41,1.1,1.4,0.755,0.4,2.3,2.7,2.1,0.6,0.3,0.7,2.2,12.2,0.613
Tre Johnson,johnstr03,WAS,SG,19.0,60.0,42.0,24.1,4.5,10.8,0.419,1.9,5.4,0.358,1.3,1.5,0.874,0.5,2.4,2.8,2.0,0.6,0.3,1.6,2.0,12.2,0.508
Cameron Johnson,johnsca02,DEN,SF,29.0,54.0,54.0,30.5,4.2,8.8,0.48,2.0,4.7,0.43,1.7,2.1,0.839,0.8,3.0,3.8,2.4,0.7,0.4,0.9,2.3,12.2,0.596
Jonathan Kuminga,kuminjo01,2TM,PF,23.0,36.0,14.0,23.1,4.4,9.4,0.463,1.0,2.9,0.333,2.5,3.4,0.724,1.4,4.3,5.6,2.3,0.6,0.3,1.9,1.5,12.2,0.515
Rayan Rupert,ruperra01,MEM,SG,21.0,16.0,8.0,30.9,4.4,10.4,0.422,1.4,4.1,0.338,2.1,2.5,0.825,1.6,4.8,6.4,2.1,1.6,0.4,1.7,4.0,12.2,0.488
Donovan Clingan,clingdo01,POR,C,21.0,77.0,77.0,27.2,4.6,8.9,0.52,1.1,3.2,0.341,1.8,2.6,0.68,4.5,7.1,11.6,2.1,0.6,1.7,1.2,2.4,12.1,0.582
Moses Moody,moodymo01,GSW,SG,23.0,60.0,49.0,25.7,4.1,9.3,0.44,2.5,6.3,0.401,1.5,1.9,0.77,0.9,2.5,3.3,1.6,1.0,0.6,1.0,2.0,12.1,0.575
Jonathan Kuminga,kuminjo01,GSW,PF,23.0,20.0,13.0,23.8,4.4,9.7,0.454,0.9,2.7,0.321,2.5,3.3,0.742,1.5,4.4,5.9,2.5,0.4,0.3,2.3,1.7,12.1,0.497
Josh Hart,hartjo01,NYK,SF,30.0,66.0,52.0,30.2,4.6,9.0,0.508,1.5,3.7,0.413,1.4,1.9,0.72,1.4,6.0,7.4,4.8,1.1,0.3,1.9,2.5,12.0,0.593
Christian Braun,braunch01,DEN,SG,24.0,44.0,44.0,31.8,4.6,8.8,0.519,1.0,3.3,0.301,1.8,2.3,0.782,1.4,3.4,4.8,2.7,0.7,0.3,1.0,2.3,12.0,0.575
Miles McBride,mcbrimi01,NYK,SG,25.0,41.0,15.0,26.3,4.2,9.9,0.423,2.7,6.6,0.413,0.9,1.1,0.787,0.6,1.9,2.4,2.6,0.9,0.2,0.8,1.7,12.0,0.562
Tristen Newton,newtotr01,HOU,SG,24.0,1.0,0.0,12.0,4.0,9.0,0.444,2.0,5.0,0.4,2.0,3.0,0.667,2.0,1.0,3.0,0.0,1.0,0.0,0.0,0.0,12.0,0.556
Dyson Daniels,daniedy01,ATL,SG,22.0,76.0,76.0,33.2,5.3,10.2,0.517,0.3,1.5,0.188,1.0,1.6,0.615,2.4,4.4,6.8,5.9,2.0,0.4,1.8,2.2,11.9,0.532
Myles Turner,turnemy01,MIL,C,29.0,71.0,71.0,26.9,4.0,9.1,0.44,2.1,5.4,0.383,1.8,2.5,0.74,1.1,4.3,5.3,1.5,0.7,1.6,1.2,2.6,11.9,0.553
Blake Hinson,hinsobl01,UTA,SF,26.0,14.0,3.0,20.4,4.2,8.2,0.513,2.6,5.6,0.468,0.9,1.1,0.75,0.8,1.6,2.4,1.1,0.4,0.1,0.4,1.7,11.9,0.674
Wendell Carter Jr.,cartewe01,ORL,C,26.0,78.0,78.0,29.3,4.2,8.2,0.512,0.9,2.9,0.319,2.5,3.2,0.792,2.1,5.3,7.4,2.0,0.8,0.6,1.3,3.4,11.8,0.568
Dylan Harper,harpedy01,SAS,SG,19.0,69.0,4.0,22.6,4.8,9.5,0.505,0.9,2.6,0.343,1.3,1.7,0.756,0.8,2.6,3.4,3.9,0.8,0.3,1.4,2.0,11.8,0.551
Julian Reese,reeseju01,WAS,PF,22.0,13.0,10.0,30.9,4.8,9.2,0.529,0.0,0.0,,2.2,3.4,0.636,4.2,6.3,10.5,1.8,1.4,0.6,2.5,3.2,11.8,0.529
Derik Queen,queende01,NOP,C,21.0,81.0,48.0,25.0,4.4,9.2,0.473,0.3,1.1,0.261,2.7,3.4,0.795,1.7,5.4,7.1,3.7,1.0,0.9,2.3,2.7,11.7,0.489
Nic Claxton,claxtni01,BRK,C,26.0,69.0,68.0,27.8,4.8,8.4,0.571,0.0,0.3,0.158,2.0,3.3,0.616,2.4,4.5,6.9,3.7,0.7,1.1,1.4,2.3,11.7,0.574
Klay Thompson,thompkl01,DAL,SF,35.0,69.0,8.0,21.7,4.1,10.6,0.393,2.9,7.6,0.383,0.5,0.7,0.766,0.3,1.8,2.1,1.4,0.5,0.3,0.9,1.0,11.7,0.532
Mark Williams,willima07,PHO,C,24.0,60.0,55.0,23.6,4.7,7.3,0.644,0.0,0.0,1.0,2.3,2.9,0.771,3.1,4.9,8.0,1.0,0.9,0.9,1.1,2.2,11.7,0.645
Isaiah Collier,colliis01,UTA,PG,21.0,59.0,19.0,25.7,4.3,8.7,0.495,0.5,1.7,0.27,2.6,3.5,0.722,0.4,2.2,2.5,7.2,1.1,0.3,2.5,2.3,11.7,0.521
Bilal Coulibaly,coulibi01,WAS,SG,21.0,56.0,56.0,26.2,4.1,9.7,0.425,1.2,3.6,0.319,2.4,3.2,0.746,0.9,3.5,4.3,2.6,1.3,1.0,1.4,2.3,11.7,0.485
Leonard Miller,millele01,CHI,SF,22.0,27.0,12.0,23.1,4.7,8.5,0.555,1.1,3.2,0.356,1.2,1.6,0.762,1.7,4.0,5.8,1.3,0.5,0.6,1.0,2.0,11.7,0.622
Jarace Walker,walkeja02,IND,PF,22.0,76.0,41.0,25.7,4.0,9.6,0.419,1.8,4.7,0.374,1.8,2.4,0.749,0.6,4.5,5.1,2.5,0.8,0.3,1.8,1.6,11.6,0.51
Obi Toppin,toppiob01,IND,PF,27.0,24.0,3.0,17.7,4.2,8.3,0.503,1.5,4.4,0.352,1.8,1.9,0.913,0.5,3.9,4.4,2.3,0.5,0.0,1.2,1.2,11.6,0.595
Ivica Zubac,zubaciv01,IND,C,28.0,5.0,5.0,23.6,5.0,10.6,0.472,0.0,0.0,,1.6,2.0,0.8,2.8,4.4,7.2,1.8,0.4,0.8,0.8,1.6,11.6,0.472
Rui Hachimura,hachiru01,LAL,PF,27.0,68.0,41.0,28.3,4.5,8.8,0.514,1.7,3.9,0.443,0.7,1.1,0.694,0.6,2.7,3.3,0.8,0.6,0.3,0.6,1.6,11.5,0.611
Jaden Ivey,iveyja01,CHI,SG,23.0,4.0,3.0,28.8,3.8,9.0,0.417,2.0,5.3,0.381,2.0,2.3,0.889,1.3,3.5,4.8,4.0,2.0,0.5,1.5,2.3,11.5,0.528
Kyle Filipowski,filipky01,UTA,C,22.0,77.0,41.0,23.4,4.2,8.5,0.492,1.0,3.0,0.325,2.1,2.8,0.75,1.9,5.3,7.2,2.6,0.9,0.5,1.6,3.0,11.4,0.548
Pelle Larsson,larsspe01,MIA,SG,24.0,70.0,54.0,26.4,4.0,8.0,0.496,0.9,2.7,0.323,2.6,3.3,0.797,1.0,2.5,3.5,3.4,0.7,0.2,1.4,2.1,11.4,0.551
Scotty Pippen Jr.,pippesc02,MEM,PG,25.0,10.0,6.0,21.2,4.3,9.6,0.448,1.0,3.2,0.313,1.8,2.3,0.783,0.8,1.4,2.2,4.7,1.9,0.4,2.7,3.1,11.4,0.5
Jock Landale,landajo01,MEM,C,30.0,45.0,25.0,23.6,4.4,8.6,0.514,1.1,2.9,0.38,1.3,2.0,0.674,3.1,3.4,6.5,1.7,0.6,0.5,1.0,2.3,11.3,0.577
Sandro Mamukelashvili,mamuksa01,TOR,C,26.0,80.0,13.0,21.9,4.1,7.9,0.523,1.4,3.7,0.389,1.5,2.0,0.747,1.4,3.6,4.9,1.9,0.8,0.5,0.8,1.8,11.2,0.614
Max Strus,strusma01,CLE,SF,29.0,12.0,5.0,24.0,3.9,8.8,0.443,2.8,6.8,0.402,0.6,0.8,0.778,0.8,4.7,5.4,2.0,0.3,0.0,0.8,2.8,11.2,0.599
Julian Champagnie,champju02,SAS,SF,24.0,82.0,68.0,27.6,3.7,8.4,0.437,2.4,6.2,0.381,1.4,1.6,0.844,0.9,4.9,5.8,1.5,0.8,0.5,0.8,1.6,11.1,0.578
Kel'el Ware,wareke01,MIA,C,21.0,77.0,34.0,22.1,4.5,8.4,0.53,1.2,3.0,0.395,0.9,1.2,0.74,2.8,6.2,9.0,0.7,0.8,1.1,0.8,1.5,11.1,0.601
Cam Spencer,spencca01,MEM,SG,25.0,72.0,20.0,23.8,3.7,7.7,0.473,2.0,4.5,0.449,1.8,1.9,0.94,0.6,2.0,2.5,5.6,0.7,0.2,1.3,1.4,11.1,0.604
Isaiah Joe,joeis01,OKC,SG,26.0,71.0,9.0,21.2,3.5,7.6,0.455,2.5,6.0,0.423,1.5,1.7,0.894,0.5,2.1,2.5,1.3,0.7,0.2,0.6,1.7,11.1,0.622
Ousmane Dieng,diengou01,MIL,C,22.0,30.0,20.0,26.8,4.3,10.2,0.423,1.5,4.5,0.331,0.9,1.3,0.667,0.7,3.9,4.6,3.6,0.8,0.3,2.2,1.9,11.0,0.497
Marvin Bagley III,baglema01,DAL,PF,26.0,22.0,4.0,21.4,4.5,7.5,0.606,0.7,1.5,0.485,1.2,2.1,0.553,2.4,4.4,6.8,1.3,0.4,0.7,0.8,2.0,11.0,0.655
Alondes Williams,willial06,WAS,SG,26.0,4.0,0.0,25.3,4.0,6.5,0.615,1.3,3.5,0.357,1.8,2.0,0.875,1.3,5.0,6.3,3.0,0.8,0.8,1.3,1.0,11.0,0.712
Keshon Gilbert,gilbeke01,ATL,SG,22.0,1.0,0.0,26.0,4.0,8.0,0.5,0.0,1.0,0.0,3.0,3.0,1.0,0.0,0.0,0.0,9.0,1.0,0.0,2.0,2.0,11.0,0.5
Rudy Gobert,goberru01,MIN,C,33.0,76.0,76.0,31.3,4.4,6.5,0.682,0.0,0.1,0.0,2.1,4.0,0.526,3.9,7.5,11.5,1.7,0.8,1.6,1.4,2.6,10.9,0.682
Kevin Huerter,huertke01,CHI,SF,27.0,44.0,11.0,23.6,4.2,9.2,0.455,1.6,5.1,0.314,0.9,1.3,0.732,0.5,3.3,3.8,2.6,0.8,0.6,1.1,1.9,10.9,0.542
Jusuf Nurkić,nurkiju01,UTA,C,31.0,41.0,36.0,26.4,4.4,8.7,0.503,0.6,1.7,0.352,1.5,2.8,0.549,2.6,7.8,10.4,4.8,1.3,0.5,2.5,3.3,10.9,0.538
Dennis Schröder,schrode01,2TM,PG,32.0,70.0,17.0,24.2,3.6,9.0,0.405,1.1,3.3,0.329,2.4,2.9,0.834,0.5,2.2,2.7,4.9,0.8,0.2,1.8,1.6,10.8,0.465
Daeqwon Plowden,plowdda01,SAC,SG,27.0,32.0,7.0,26.4,3.8,8.7,0.43,1.9,5.8,0.333,1.3,1.5,0.857,1.0,2.0,3.0,1.3,0.7,0.2,0.8,2.4,10.8,0.541
Josh Minott,minotjo01,BRK,SF,23.0,16.0,1.0,19.3,3.6,7.3,0.491,1.9,4.8,0.395,1.8,2.2,0.8,0.5,2.0,2.5,0.8,1.3,0.8,1.4,1.4,10.8,0.621
Tyler Burton,burtoty01,MEM,SF,25.0,12.0,0.0,25.6,3.5,9.3,0.375,1.8,5.5,0.333,1.9,2.3,0.852,0.7,3.5,4.2,1.0,0.9,0.3,0.9,2.6,10.8,0.473
Bub Carrington,carrica01,WAS,PG,20.0,82.0,48.0,27.7,3.8,9.0,0.424,2.1,5.0,0.408,1.0,1.4,0.73,0.4,3.0,3.4,4.6,0.6,0.2,2.3,2.2,10.7,0.538
Jakob Poeltl,poeltja01,TOR,C,30.0,46.0,44.0,25.0,4.7,6.7,0.7,0.0,0.0,,1.3,2.1,0.602,2.5,4.5,7.0,2.0,0.9,0.7,1.2,3.2,10.7,0.7
Cam Thomas,thomaca02,MIL,SG,24.0,18.0,0.0,16.6,3.7,8.5,0.431,0.8,2.8,0.275,2.6,3.4,0.754,0.1,1.4,1.6,1.9,0.3,0.1,1.4,0.7,10.7,0.477
Jock Landale,landajo01,2TM,C,30.0,68.0,27.0,22.1,4.1,8.1,0.515,1.1,2.8,0.383,1.2,1.9,0.635,2.7,3.0,5.7,1.7,0.5,0.5,0.9,2.2,10.6,0.582
Taylor Hendricks,hendrta01,MEM,PF,22.0,26.0,11.0,24.1,4.0,8.7,0.463,1.5,4.4,0.342,1.0,1.5,0.65,1.4,3.3,4.7,1.2,1.4,0.8,1.2,2.3,10.6,0.548
Charles Bassey,bassech01,GSW,C,25.0,5.0,0.0,20.0,4.2,6.2,0.677,0.0,0.0,,2.2,2.6,0.846,2.4,4.8,7.2,1.0,0.4,1.4,0.8,2.2,10.6,0.677
Marvin Bagley III,baglema01,2TM,PF,26.0,60.0,12.0,20.0,4.2,6.9,0.618,0.4,0.9,0.462,1.6,2.4,0.66,2.5,3.6,6.1,1.4,0.5,0.7,1.0,2.1,10.5,0.647
Tari Eason,easonta01,HOU,PF,24.0,60.0,34.0,25.8,4.0,9.7,0.416,1.6,4.3,0.358,0.9,1.1,0.776,2.1,4.2,6.3,1.5,1.2,0.5,1.4,2.3,10.5,0.496
A.J. Green,greenaj01,MIL,SG,26.0,78.0,68.0,29.1,3.4,7.9,0.424,3.0,7.1,0.419,0.7,0.8,0.855,0.4,2.4,2.7,1.9,0.5,0.1,1.0,2.3,10.4,0.612
Caleb Love,loveca01,POR,SG,24.0,49.0,1.0,20.7,3.9,10.0,0.388,1.9,6.0,0.318,0.7,1.0,0.735,0.5,1.8,2.3,2.5,0.6,0.1,1.3,1.0,10.4,0.483
Jared McCain,mccaija01,OKC,SG,21.0,30.0,2.0,18.0,3.8,8.3,0.462,1.8,4.6,0.391,1.0,1.1,0.853,0.6,1.5,2.1,0.9,0.4,0.1,0.9,1.3,10.4,0.57
Adama-Alpha Bal,balad01,MEM,SG,22.0,8.0,1.0,30.1,3.5,8.5,0.412,2.3,5.5,0.409,1.1,1.3,0.9,0.8,2.4,3.1,2.4,1.1,0.1,0.8,3.4,10.4,0.544
Lucas Williamson,willilu01,MEM,SG,27.0,7.0,2.0,32.0,3.6,10.7,0.333,2.1,7.6,0.283,1.1,1.1,1.0,1.6,3.9,5.4,2.6,1.6,0.1,1.4,3.7,10.4,0.433
Will Riley,rileywi01,WAS,SF,19.0,74.0,18.0,22.1,3.7,8.4,0.439,1.1,3.3,0.316,1.9,2.4,0.8,0.8,2.1,2.9,2.0,0.7,0.1,1.3,1.2,10.3,0.502
Egor Dёmin,demineg01,BRK,PG,19.0,52.0,45.0,25.2,3.4,8.6,0.399,2.4,6.2,0.385,1.0,1.3,0.831,0.4,2.8,3.2,3.3,0.8,0.3,1.7,1.8,10.3,0.537
Khris Middleton,middlkh01,WAS,SF,34.0,34.0,34.0,24.3,3.8,8.8,0.433,1.0,2.9,0.333,1.7,2.0,0.841,0.9,3.1,3.9,3.3,0.8,0.3,1.7,2.5,10.3,0.488
DaQuan Jeffries,jeffrda01,SAC,SG,28.0,3.0,0.0,20.0,3.7,6.3,0.579,1.3,3.0,0.444,1.7,1.7,1.0,1.0,0.7,1.7,0.3,0.7,0.0,0.0,3.0,10.3,0.684
Neemias Queta,quetane01,BOS,C,26.0,76.0,75.0,25.3,4.3,6.6,0.653,0.0,0.1,0.125,1.6,2.3,0.703,3.0,5.3,8.4,1.7,0.8,1.3,1.0,2.8,10.2,0.654
Khris Middleton,middlkh01,2TM,SF,34.0,63.0,50.0,22.8,3.6,8.6,0.42,1.1,3.0,0.36,1.9,2.2,0.875,0.8,2.9,3.7,2.8,0.7,0.1,1.7,2.3,10.2,0.482
Ziaire Williams,willizi02,BRK,SF,24.0,56.0,13.0,22.9,3.3,7.7,0.425,1.5,4.5,0.343,2.1,2.5,0.85,0.5,1.9,2.4,1.1,1.4,0.4,1.1,2.1,10.2,0.524
Jalen Smith,smithja04,CHI,C,25.0,53.0,21.0,20.7,3.7,7.6,0.483,1.5,4.2,0.373,1.3,1.8,0.742,1.8,4.8,6.7,1.2,0.5,0.8,1.0,2.1,10.2,0.584
D'Angelo Russell,russeda01,DAL,PG,29.0,26.0,3.0,19.0,3.6,8.9,0.405,1.3,4.3,0.295,1.7,2.3,0.717,0.3,2.0,2.3,4.0,0.5,0.1,1.9,1.2,10.2,0.476
Precious Achiuwa,achiupr01,SAC,C,26.0,73.0,57.0,23.9,4.3,8.2,0.528,0.4,1.3,0.278,1.1,1.9,0.554,2.4,4.3,6.7,1.4,0.9,0.7,0.9,1.7,10.1,0.551
Derrick Jones Jr.,jonesde02,LAC,SF,28.0,50.0,45.0,27.0,3.8,7.6,0.499,1.1,3.1,0.359,1.4,1.9,0.763,1.2,2.2,3.5,1.4,0.9,1.0,0.8,2.1,10.1,0.571
Marvin Bagley III,baglema01,WAS,PF,26.0,38.0,8.0,19.2,4.1,6.5,0.626,0.2,0.5,0.421,1.8,2.6,0.711,2.6,3.1,5.7,1.5,0.5,0.7,1.2,2.1,10.1,0.642
Kevin Huerter,huertke01,2TM,SF,27.0,69.0,14.0,22.4,3.9,8.6,0.451,1.4,4.7,0.308,0.8,1.0,0.775,0.5,3.0,3.5,2.6,0.9,0.5,1.0,1.7,10.0,0.535
Jordan Miller,millejo02,LAC,SF,26.0,60.0,1.0,22.1,3.5,6.7,0.531,0.6,1.8,0.345,2.3,2.9,0.777,0.8,2.2,3.0,2.3,0.8,0.2,1.1,1.0,10.0,0.579
Isaiah Stewart,stewais01,DET,C,24.0,58.0,13.0,22.7,3.8,6.9,0.55,0.7,2.1,0.333,1.7,2.3,0.756,1.7,3.3,5.0,1.1,0.3,1.6,1.2,2.9,10.0,0.6
Olivier-Maxence Prosper,prospol01,MEM,PF,23.0,53.0,24.0,18.6,3.6,6.6,0.549,1.1,2.8,0.405,1.6,2.2,0.754,1.1,2.4,3.5,1.0,0.8,0.2,0.9,1.6,10.0,0.634
Khris Middleton,middlkh01,DAL,SF,34.0,29.0,16.0,21.1,3.3,8.3,0.404,1.2,3.0,0.391,2.1,2.3,0.91,0.7,2.6,3.3,2.2,0.5,0.0,1.8,2.0,10.0,0.475
Guerschon Yabusele,yabusgu01,CHI,C,30.0,26.0,19.0,24.7,3.2,7.9,0.405,1.9,4.9,0.383,1.8,2.3,0.767,1.2,4.4,5.7,1.7,0.8,0.4,1.0,1.7,10.0,0.524
Toby Okani,okanito01,MEM,SG,24.0,6.0,4.0,36.2,4.2,11.7,0.357,1.5,5.2,0.29,0.2,1.3,0.125,1.5,2.0,3.5,1.0,0.7,0.5,0.5,3.3,10.0,0.421
Harrison Barnes,barneha02,SAS,PF,33.0,77.0,52.0,25.8,3.4,7.5,0.456,1.8,4.6,0.388,1.3,1.6,0.829,0.8,2.0,2.8,1.9,0.6,0.2,0.8,1.1,9.9,0.577
Tristan Da Silva,dasiltr01,ORL,SF,24.0,77.0,34.0,24.7,3.6,8.1,0.45,1.6,4.2,0.374,1.1,1.2,0.884,0.8,2.9,3.7,1.6,0.9,0.3,0.9,1.5,9.9,0.547
Ausar Thompson,thompau01,DET,SF,23.0,73.0,72.0,26.0,4.2,7.9,0.525,0.1,0.3,0.25,1.5,2.6,0.571,2.1,3.7,5.7,3.1,2.0,0.9,1.5,2.7,9.9,0.53
Royce O'Neale,onealro01,PHO,SF,32.0,78.0,67.0,28.4,3.4,8.0,0.421,2.7,6.7,0.408,0.3,0.5,0.711,0.8,4.0,4.8,2.7,1.1,0.4,1.3,2.3,9.8,0.59
Micah Potter,pottemi01,IND,C,27.0,47.0,7.0,19.3,3.2,6.2,0.515,1.5,3.6,0.423,1.8,2.1,0.842,1.2,3.7,5.0,1.5,0.5,0.3,1.0,1.7,9.7,0.637
Javon Small,smallja01,MEM,PG,23.0,41.0,12.0,20.2,3.3,7.0,0.465,1.5,3.5,0.423,1.7,2.0,0.829,0.9,2.2,3.1,3.7,0.8,0.2,1.4,1.6,9.7,0.569
Walter Clayton,claytwa01,MEM,PG,22.0,24.0,6.0,25.0,3.1,8.5,0.366,1.3,4.2,0.307,2.1,2.5,0.864,0.4,1.7,2.1,5.7,0.8,0.3,2.5,1.7,9.7,0.441
Nikola Vučević,vucevni01,BOS,C,35.0,16.0,1.0,21.1,3.8,8.7,0.439,1.1,3.3,0.34,0.9,1.2,0.789,1.6,5.1,6.6,2.0,0.4,0.6,1.0,1.9,9.7,0.504
Zach Collins,colliza01,CHI,C,28.0,10.0,0.0,18.4,3.7,6.4,0.578,0.9,2.1,0.429,1.4,2.0,0.7,1.6,4.0,5.6,1.5,0.2,0.4,1.0,1.8,9.7,0.648
Zaccharie Risacher,risacza01,ATL,SF,20.0,67.0,46.0,22.4,3.6,8.0,0.455,1.4,3.9,0.368,0.9,1.3,0.644,1.1,2.8,3.8,1.1,0.9,0.5,0.9,2.2,9.6,0.544
Rob Dillingham,dilliro01,CHI,PG,21.0,30.0,0.0,21.5,3.9,9.0,0.428,1.0,3.3,0.3,0.9,1.2,0.743,0.5,2.5,3.0,2.8,0.9,0.1,2.1,2.6,9.6,0.483
Jay Huff,huffja01,IND,C,27.0,82.0,47.0,21.0,3.5,7.5,0.476,1.5,4.5,0.319,1.0,1.2,0.828,0.9,3.1,4.0,1.5,0.5,1.9,0.9,2.4,9.5,0.574
Daniel Gafford,gaffoda01,DAL,C,27.0,55.0,44.0,21.7,3.8,5.7,0.655,0.0,0.0,,2.0,2.9,0.683,2.5,4.4,6.9,1.1,0.8,1.3,1.1,2.6,9.5,0.655
Aaron Wiggins,wiggiaa01,OKC,SG,27.0,65.0,21.0,21.8,3.6,8.2,0.431,1.5,4.2,0.356,0.8,1.1,0.736,0.6,2.4,3.1,1.7,0.9,0.4,1.2,1.3,9.4,0.521
T.J. McConnell,mccontj01,IND,PG,33.0,56.0,4.0,17.2,4.3,8.0,0.538,0.3,0.9,0.32,0.4,0.5,0.862,0.4,1.8,2.2,5.1,1.0,0.2,1.1,1.1,9.4,0.556
Svi Mykhailiuk,mykhasv01,UTA,SF,28.0,50.0,41.0,23.1,3.5,7.2,0.478,2.0,4.8,0.408,0.5,0.6,0.893,0.7,1.8,2.5,1.9,0.5,0.1,0.8,1.3,9.4,0.613
Kobe Brown,brownko01,IND,PF,26.0,27.0,10.0,24.7,3.5,6.9,0.503,1.4,3.3,0.433,1.0,1.2,0.788,1.9,3.0,4.9,2.0,0.5,0.4,1.4,2.0,9.4,0.607
Nick Richards,richani01,CHI,C,28.0,20.0,4.0,22.4,3.4,6.5,0.523,0.3,0.9,0.278,2.3,3.7,0.63,2.1,5.5,7.6,0.4,0.3,0.9,1.7,2.5,9.4,0.542
Daniss Jenkins,jenkida01,DET,PG,24.0,72.0,19.0,20.2,3.2,7.9,0.408,1.0,2.7,0.374,1.9,2.2,0.832,0.7,1.6,2.3,3.9,0.9,0.2,1.6,1.5,9.3,0.473
Davion Mitchell,mitchda01,MIA,PG,27.0,70.0,70.0,28.6,3.7,7.6,0.49,1.3,3.3,0.395,0.6,0.9,0.646,0.5,2.2,2.7,6.5,1.0,0.2,1.5,2.6,9.3,0.574
Isaac Okoro,okorois01,CHI,SG,25.0,63.0,62.0,26.9,3.3,7.3,0.46,1.2,3.5,0.33,1.4,1.8,0.795,1.1,1.7,2.7,1.6,0.7,0.5,0.7,2.6,9.3,0.539
Marcus Smart,smartma01,LAL,SG,31.0,62.0,54.0,28.5,3.0,7.7,0.395,1.6,4.7,0.331,1.7,2.1,0.822,0.6,2.2,2.8,3.0,1.4,0.4,1.5,2.6,9.3,0.497
Landry Shamet,shamela01,NYK,SG,28.0,51.0,12.0,23.0,3.1,7.1,0.437,2.0,5.2,0.392,1.1,1.5,0.711,0.5,1.4,1.8,1.4,0.6,0.2,0.6,1.5,9.3,0.578
Kyle Anderson,anderky01,MEM,SF,32.0,4.0,3.0,22.3,3.8,4.8,0.789,0.3,0.3,1.0,1.5,2.0,0.75,0.8,2.8,3.5,0.8,1.5,1.0,1.8,3.0,9.3,0.816
Sam Hauser,hausesa01,BOS,PF,28.0,78.0,49.0,24.8,3.2,7.7,0.419,2.5,6.5,0.393,0.2,0.3,0.85,0.7,3.1,3.8,1.5,0.5,0.3,0.4,1.4,9.2,0.584
Gui Santos,santogu01,GSW,PF,23.0,68.0,30.0,20.5,3.4,6.8,0.5,1.1,3.3,0.351,1.3,1.8,0.725,1.1,2.8,3.9,2.3,0.9,0.3,1.5,2.1,9.2,0.585
Corey Kispert,kispeco01,2TM,SF,26.0,58.0,10.0,18.6,3.2,6.8,0.467,1.5,4.1,0.367,1.3,1.7,0.794,0.5,1.8,2.3,1.6,0.3,0.2,0.8,1.0,9.2,0.577
Jaden Hardy,hardyja02,2TM,SG,23.0,57.0,4.0,15.8,3.2,7.5,0.424,1.8,4.6,0.397,1.0,1.3,0.733,0.3,1.2,1.5,1.0,0.3,0.1,1.1,1.6,9.2,0.545
Isaiah Hartenstein,harteis01,OKC,C,27.0,47.0,46.0,24.2,3.9,6.3,0.622,0.0,0.1,0.0,1.4,2.2,0.61,3.2,6.3,9.4,3.5,1.0,0.8,1.7,2.5,9.2,0.622
Corey Kispert,kispeco01,ATL,SF,26.0,39.0,8.0,18.2,3.2,7.1,0.455,1.5,4.1,0.354,1.3,1.6,0.81,0.5,1.7,2.3,1.5,0.2,0.2,0.8,1.0,9.2,0.558
Taurean Prince,princta02,MIL,SF,31.0,26.0,7.0,23.5,3.3,7.3,0.45,2.3,5.4,0.436,0.2,0.2,1.0,0.2,3.0,3.1,1.8,0.6,0.2,1.2,1.8,9.2,0.61
Cam Whitmore,whitmca01,WAS,SF,21.0,21.0,0.0,16.9,3.7,8.0,0.456,0.8,2.7,0.286,1.1,1.5,0.742,0.9,1.9,2.8,0.7,0.7,0.4,0.9,1.2,9.2,0.503
Corey Kispert,kispeco01,WAS,SF,26.0,19.0,2.0,19.5,3.1,6.3,0.496,1.6,4.0,0.395,1.4,1.8,0.765,0.3,2.0,2.3,1.7,0.4,0.2,0.7,1.1,9.2,0.622
Quenton Jackson,jacksqu01,IND,PG,27.0,49.0,19.0,18.3,3.1,6.7,0.47,0.9,2.4,0.356,2.0,2.4,0.824,0.6,1.8,2.3,2.9,0.6,0.1,1.3,1.7,9.1,0.534
Jock Landale,landajo01,ATL,C,30.0,23.0,2.0,19.4,3.6,6.9,0.516,1.1,2.8,0.391,0.9,1.6,0.541,1.8,2.3,4.1,1.7,0.4,0.6,0.6,2.1,9.1,0.594
Tristan Vukcevic,vukcetr01,WAS,C,22.0,49.0,12.0,13.7,3.1,6.5,0.479,1.0,2.9,0.347,1.8,2.3,0.784,0.7,2.3,3.0,1.1,0.5,0.7,1.3,1.7,9.0,0.558
Vít Krejčí,krejcvi01,ATL,PG,25.0,46.0,8.0,22.3,3.1,6.7,0.464,2.2,5.2,0.423,0.6,0.8,0.75,0.4,1.7,2.1,1.5,0.8,0.3,0.7,2.3,9.0,0.628
Luke Kennard,kennalu01,LAL,SG,29.0,32.0,6.0,23.0,3.3,6.3,0.527,1.3,3.0,0.448,1.0,1.1,0.912,0.4,2.2,2.6,2.4,0.7,0.1,0.9,1.5,9.0,0.633
Danny Wolf,wolfda01,BRK,PF,21.0,57.0,15.0,20.8,3.1,7.7,0.405,1.2,3.7,0.322,1.5,1.9,0.771,1.0,3.9,4.9,2.2,0.5,0.6,1.3,2.2,8.9,0.482
Herbert Jones,joneshe01,NOP,SF,27.0,56.0,56.0,28.4,3.3,8.5,0.383,1.4,4.6,0.309,0.9,1.1,0.806,0.8,2.6,3.4,2.8,1.6,0.5,1.3,3.2,8.9,0.467
Nolan Traoré,traorno01,BRK,PG,19.0,56.0,31.0,22.2,3.3,8.6,0.38,1.1,3.4,0.318,1.3,1.7,0.787,0.3,1.5,1.8,3.8,0.8,0.4,2.3,2.1,8.9,0.444
Devin Carter,cartede02,SAC,PG,23.0,38.0,12.0,18.4,3.2,7.7,0.414,0.8,3.0,0.263,1.8,2.5,0.713,0.9,2.3,3.3,2.7,0.9,0.2,1.4,1.3,8.9,0.466
Cody Williams,willico04,UTA,SG,21.0,67.0,41.0,24.3,3.6,7.6,0.468,0.4,2.0,0.214,1.3,1.8,0.706,0.9,2.0,3.0,2.0,0.8,0.4,1.1,1.8,8.8,0.495
John Poulakidas,poulajo01,DAL,SG,22.0,13.0,0.0,19.5,3.0,7.0,0.429,2.4,5.9,0.403,0.5,0.5,0.857,0.3,2.0,2.3,0.8,0.5,0.3,0.3,2.2,8.8,0.599
Payton Sandfort,sandfpa01,OKC,SF,23.0,4.0,0.0,15.8,3.3,6.5,0.5,1.8,4.3,0.412,0.5,1.0,0.5,0.3,2.3,2.5,0.0,0.3,0.0,0.3,2.0,8.8,0.635
Jordan Goodwin,goodwjo01,PHO,PG,27.0,70.0,10.0,22.5,3.3,7.9,0.413,1.6,4.3,0.371,0.6,0.8,0.696,2.0,2.9,4.9,2.2,1.5,0.2,1.0,1.9,8.7,0.514
Justin Champagnie,champju01,WAS,SF,24.0,69.0,19.0,20.0,3.4,6.7,0.502,0.8,2.4,0.319,1.2,1.5,0.784,2.1,3.5,5.6,1.2,0.9,0.6,0.7,1.7,8.7,0.56
Jonas Valančiūnas,valanjo01,DEN,C,33.0,65.0,6.0,13.4,3.5,6.0,0.582,0.1,0.4,0.308,1.6,2.1,0.772,1.6,3.4,5.1,1.2,0.2,0.6,1.1,2.0,8.7,0.592
Day'Ron Sharpe,sharpda01,BRK,C,24.0,62.0,7.0,18.7,3.5,5.7,0.601,0.1,0.6,0.231,1.7,2.5,0.678,2.8,3.9,6.7,2.3,1.1,0.4,1.7,2.4,8.7,0.614
Cason Wallace,wallaca01,OKC,SG,22.0,77.0,58.0,26.6,3.3,7.6,0.432,1.3,3.7,0.351,0.7,0.9,0.809,0.8,2.3,3.1,2.6,1.9,0.4,0.9,2.0,8.6,0.518
Nique Clifford,cliffni01,SAC,SG,23.0,75.0,28.0,25.1,3.3,7.9,0.418,1.0,3.1,0.333,0.9,1.3,0.722,0.9,2.9,3.8,2.4,0.9,0.3,1.5,2.1,8.6,0.482
Jordan Clarkson,clarkjo01,NYK,SG,33.0,72.0,1.0,17.8,3.3,7.3,0.451,1.0,3.0,0.327,1.1,1.3,0.83,0.9,0.9,1.8,1.3,0.4,0.1,0.9,1.7,8.6,0.517
Kevin Huerter,huertke01,DET,SG,27.0,25.0,3.0,20.5,3.4,7.7,0.443,1.2,4.1,0.294,0.6,0.6,0.933,0.4,2.4,2.8,2.5,1.1,0.3,0.9,1.2,8.6,0.521
Brook Lopez,lopezbr01,LAC,C,37.0,75.0,40.0,21.8,3.1,7.2,0.428,1.5,4.2,0.36,0.7,1.0,0.757,0.6,3.0,3.6,1.3,0.6,1.2,0.8,2.1,8.5,0.533
Bones Hyland,hylanbo01,MIN,PG,25.0,71.0,3.0,16.6,3.0,6.6,0.453,1.6,4.2,0.388,0.9,1.2,0.78,0.3,1.5,1.8,2.6,0.6,0.2,1.0,1.7,8.5,0.577
Simone Fontecchio,fontesi01,MIA,SF,30.0,70.0,9.0,16.8,2.8,6.7,0.412,1.8,4.7,0.375,1.2,1.5,0.843,0.8,2.2,3.0,1.4,0.5,0.1,0.7,1.5,8.5,0.542
Vít Krejčí,krejcvi01,2TM,PG,25.0,65.0,8.0,21.4,3.0,6.6,0.448,2.0,5.0,0.39,0.6,0.8,0.745,0.5,1.8,2.3,1.5,0.7,0.3,0.6,2.1,8.5,0.597
Collin Murray-Boyles,murraco01,TOR,PF,20.0,57.0,22.0,21.9,3.5,6.0,0.579,0.3,0.9,0.34,1.2,1.9,0.657,2.3,2.7,5.0,1.9,0.9,0.9,1.0,2.6,8.5,0.604
Jaden Ivey,iveyja01,2TM,SG,23.0,37.0,5.0,18.1,3.1,6.9,0.445,1.4,3.6,0.373,1.0,1.3,0.809,0.6,1.8,2.5,1.8,0.6,0.4,1.1,1.4,8.5,0.543
Luke Kennard,kennalu01,2TM,SG,29.0,78.0,6.0,21.6,3.0,5.7,0.533,1.5,3.1,0.478,0.8,0.9,0.913,0.4,1.9,2.3,2.2,0.7,0.1,0.8,1.3,8.4,0.665
Draymond Green,greendr01,GSW,PF,35.0,68.0,68.0,27.5,3.0,7.2,0.418,1.5,4.6,0.326,0.9,1.2,0.702,0.8,4.7,5.5,5.5,0.9,0.6,2.7,2.9,8.4,0.52
Kentavious Caldwell-Pope,caldwke01,MEM,SG,32.0,51.0,14.0,21.3,2.9,7.2,0.41,1.1,3.4,0.316,1.4,1.6,0.913,0.4,2.1,2.5,2.7,0.8,0.2,1.2,1.1,8.4,0.485
Luguentz Dort,dortlu01,OKC,SF,26.0,69.0,69.0,26.8,2.9,7.6,0.385,1.9,5.4,0.344,0.6,0.8,0.759,0.8,2.7,3.6,1.2,0.9,0.4,0.8,2.6,8.3,0.508
Jared McCain,mccaija01,2TM,SG,21.0,67.0,3.0,17.3,3.0,7.2,0.425,1.5,3.8,0.385,0.8,0.9,0.864,0.3,1.7,2.0,1.3,0.5,0.1,0.8,1.2,8.3,0.528
Al Horford,horfoal01,GSW,C,39.0,45.0,13.0,21.5,3.1,7.2,0.426,1.6,4.6,0.361,0.5,0.6,0.846,1.0,3.9,4.9,2.6,0.7,1.1,0.9,1.1,8.3,0.54
Keon Ellis,elliske01,CLE,SG,26.0,29.0,6.0,24.8,3.0,6.0,0.491,1.3,3.7,0.355,1.1,1.3,0.816,0.8,2.0,2.8,1.6,1.3,0.8,0.7,2.2,8.3,0.6
Malachi Smith,smithma02,BRK,SG,26.0,15.0,4.0,23.9,3.2,6.6,0.485,1.3,3.1,0.435,0.5,0.5,1.0,0.8,2.6,3.4,3.3,0.8,0.3,0.9,0.9,8.3,0.586
Josh Oduro,odurojo01,NOP,PF,25.0,3.0,1.0,27.3,3.7,5.7,0.647,0.0,0.7,0.0,1.0,2.0,0.5,3.7,4.0,7.7,1.3,0.0,0.0,0.7,4.7,8.3,0.647
Kadary Richmond,richmka01,WAS,SG,24.0,3.0,0.0,22.3,3.3,5.3,0.625,0.7,1.3,0.5,1.0,1.0,1.0,0.3,3.0,3.3,2.7,2.7,0.3,0.7,0.7,8.3,0.688
Jake LaRavia,laravja01,LAL,PF,24.0,82.0,43.0,25.1,2.9,6.4,0.459,1.0,3.0,0.321,1.4,1.9,0.763,1.4,2.6,4.0,1.8,1.3,0.5,1.1,2.4,8.2,0.533
Ron Holland,hollaro01,DET,SF,20.0,78.0,5.0,19.9,3.0,7.0,0.432,0.6,2.5,0.253,1.5,1.9,0.805,1.1,3.0,4.0,1.2,1.2,0.3,1.2,2.3,8.2,0.478
Jaden Ivey,iveyja01,DET,SG,23.0,33.0,2.0,16.8,3.0,6.7,0.45,1.3,3.4,0.372,0.9,1.2,0.789,0.6,1.6,2.2,1.6,0.5,0.4,1.1,1.3,8.2,0.545
Dennis Schröder,schrode01,CLE,PG,32.0,30.0,3.0,21.4,2.8,6.9,0.401,0.6,2.1,0.29,2.1,2.4,0.861,0.4,1.9,2.3,4.3,0.8,0.2,1.5,1.4,8.2,0.444
LJ Cryer,cryerlj01,GSW,PG,24.0,18.0,1.0,16.2,2.6,6.5,0.402,2.1,5.2,0.394,0.9,1.1,0.895,0.2,1.3,1.6,1.0,0.2,0.0,0.8,1.6,8.2,0.56
Chaney Johnson,johnsch06,BRK,SF,23.0,17.0,1.0,20.5,3.0,5.5,0.543,0.5,1.8,0.3,1.6,2.1,0.8,1.9,2.7,4.6,2.1,0.9,0.5,1.2,3.0,8.2,0.59
Bradley Beal,bealbr01,LAC,SG,32.0,6.0,6.0,20.2,3.0,8.0,0.375,1.2,3.2,0.368,1.0,1.3,0.75,0.3,0.5,0.8,1.7,0.5,0.0,1.5,2.3,8.2,0.448
Luka Garza,garzalu01,BOS,C,27.0,69.0,6.0,16.2,3.0,5.2,0.577,0.8,1.8,0.433,1.3,1.7,0.769,2.3,1.8,4.1,1.0,0.4,0.4,0.7,2.3,8.1,0.654
Gary Trent Jr.,trentga02,MIL,SG,27.0,65.0,21.0,21.2,2.8,7.3,0.387,1.9,5.3,0.36,0.6,0.8,0.769,0.1,0.9,1.0,1.2,0.5,0.0,0.6,1.3,8.1,0.517
Bryce McGowens,mcgowbr01,NOP,SG,23.0,42.0,13.0,21.0,2.7,5.6,0.481,0.9,2.2,0.409,1.8,2.3,0.779,0.3,1.8,2.1,1.5,0.6,0.2,0.4,2.1,8.1,0.561
Sharife Cooper,coopesh01,WAS,PG,24.0,41.0,1.0,17.1,3.1,6.0,0.514,0.7,1.9,0.382,1.2,1.5,0.833,0.4,1.7,2.1,3.0,0.4,0.1,1.5,1.5,8.1,0.573
Bez Mbeng,mbengbe01,UTA,SG,22.0,15.0,5.0,32.8,3.3,6.7,0.5,0.4,2.1,0.194,1.1,1.7,0.64,1.2,2.6,3.8,4.1,2.3,0.3,1.5,3.1,8.1,0.53
Buddy Hield,hieldbu01,GSW,SG,33.0,44.0,3.0,17.5,3.0,6.8,0.433,1.5,4.4,0.344,0.6,0.8,0.794,0.6,1.9,2.5,1.5,0.8,0.2,1.0,1.3,8.0,0.545
Vince Williams Jr.,willivi01,MEM,PG,25.0,34.0,12.0,21.6,2.7,7.8,0.352,1.4,4.7,0.308,1.1,1.4,0.804,1.0,3.0,4.0,4.4,0.8,0.4,1.9,2.1,8.0,0.445
Nate Williams,willije02,GSW,SG,26.0,14.0,2.0,17.1,3.1,6.3,0.489,0.9,2.1,0.433,0.9,1.1,0.867,1.4,0.7,2.1,1.0,0.4,0.0,1.1,1.9,8.0,0.563
DeJon Jarreau,jarrede01,MEM,SG,28.0,11.0,0.0,21.0,3.0,7.5,0.398,0.4,2.7,0.133,1.6,2.1,0.783,1.1,3.5,4.6,3.3,0.9,0.7,2.4,2.5,8.0,0.422
Tre Scott,scotttr01,BRK,PF,29.0,6.0,4.0,30.3,3.2,8.3,0.38,1.0,3.2,0.316,0.7,1.0,0.667,1.7,3.5,5.2,1.7,1.3,0.8,0.7,2.0,8.0,0.44
David Roddy,roddyda01,DEN,PF,24.0,5.0,0.0,14.6,3.0,6.0,0.5,0.6,2.2,0.273,1.4,1.4,1.0,1.6,2.4,4.0,0.8,0.8,0.2,0.4,1.4,8.0,0.55
Mouhamadou Gueye,gueyemo01,CHI,PF,27.0,2.0,0.0,22.5,3.0,5.5,0.545,0.5,2.5,0.2,1.5,2.0,0.75,1.0,2.0,3.0,3.0,1.0,0.5,1.5,2.0,8.0,0.591
Bruce Brown,brownbr01,DEN,SG,29.0,82.0,4.0,24.4,3.0,6.4,0.475,0.7,1.8,0.385,1.2,1.5,0.762,1.0,2.8,3.9,2.1,1.0,0.2,1.1,2.4,7.9,0.53
Moussa Diabaté,diabamo01,CHO,C,24.0,73.0,47.0,26.0,3.1,5.0,0.631,0.0,0.0,0.5,1.6,2.4,0.659,3.7,5.0,8.7,1.9,0.8,1.0,1.0,2.4,7.9,0.632
Luke Kennard,kennalu01,ATL,SG,29.0,46.0,0.0,20.5,2.8,5.2,0.538,1.6,3.2,0.497,0.7,0.8,0.914,0.4,1.7,2.2,2.1,0.7,0.1,0.7,1.2,7.9,0.692
Jose Alvarado,alvarjo01,NOP,PG,27.0,41.0,0.0,21.9,2.9,6.8,0.418,1.7,4.7,0.363,0.5,0.6,0.833,0.4,2.4,2.8,3.1,0.9,0.1,1.1,2.0,7.9,0.543
Tyson Etienne,etienty01,BRK,PG,26.0,24.0,2.0,15.8,2.4,6.0,0.4,1.8,4.5,0.398,1.3,1.5,0.833,0.2,0.9,1.1,1.7,0.5,0.0,0.7,2.0,7.9,0.548
Walter Clayton,claytwa01,2TM,PG,22.0,69.0,6.0,20.4,2.6,6.7,0.384,1.1,3.5,0.307,1.6,1.8,0.901,0.4,1.7,2.0,4.0,0.6,0.3,1.7,1.7,7.8,0.465
Paul Reed,reedpa01,DET,C,26.0,65.0,11.0,13.9,3.2,5.2,0.617,0.2,0.6,0.325,1.1,1.7,0.664,2.0,2.5,4.5,1.2,0.9,0.9,0.9,1.8,7.8,0.636
Leonard Miller,millele01,2TM,SF,22.0,46.0,12.0,15.6,3.2,5.7,0.553,0.7,2.2,0.323,0.8,1.2,0.736,1.2,2.8,3.9,0.9,0.4,0.3,0.8,1.4,7.8,0.615
Oscar Tshiebwe,tshieos01,UTA,C,26.0,27.0,6.0,16.6,3.4,5.4,0.634,0.0,0.0,,1.0,1.8,0.551,2.9,3.8,6.6,1.2,0.6,0.2,0.8,1.4,7.8,0.634
Dominick Barlow,barlodo01,PHI,PF,22.0,71.0,59.0,23.8,3.0,5.6,0.539,0.3,1.2,0.256,1.3,1.8,0.718,1.9,2.9,4.8,1.2,0.9,0.7,0.8,2.1,7.7,0.565
Quinten Post,postqu01,GSW,PF,25.0,67.0,35.0,17.3,2.9,6.6,0.44,1.4,4.1,0.336,0.5,0.6,0.791,1.0,3.0,4.0,1.4,0.4,0.5,0.8,1.9,7.7,0.546
Ryan Kalkbrenner,kalkbry01,CHO,C,24.0,69.0,31.0,21.4,3.2,4.2,0.753,0.0,0.1,0.0,1.2,1.7,0.716,2.4,3.0,5.5,0.8,0.5,1.5,0.9,1.6,7.6,0.753
Ousmane Dieng,diengou01,2TM,C,22.0,57.0,20.0,19.3,2.9,7.0,0.422,1.1,3.2,0.341,0.6,0.8,0.711,0.5,2.6,3.2,2.4,0.4,0.3,1.3,1.4,7.6,0.501
Buddy Hield,hieldbu01,2TM,SG,33.0,51.0,3.0,16.1,2.8,6.4,0.437,1.5,4.2,0.349,0.6,0.7,0.811,0.5,1.7,2.3,1.4,0.8,0.2,0.9,1.1,7.6,0.55
Gary Payton II,paytoga02,GSW,SG,33.0,73.0,1.0,15.6,3.3,5.7,0.583,0.5,1.7,0.291,0.4,0.5,0.65,1.4,2.2,3.6,1.7,0.9,0.3,0.8,1.8,7.5,0.628
Ja'Kobe Walter,walteja01,TOR,SG,21.0,72.0,19.0,20.5,2.5,5.6,0.446,1.5,3.7,0.409,1.0,1.3,0.789,0.8,1.8,2.6,1.2,1.0,0.2,0.5,2.3,7.5,0.582
Jaxson Hayes,hayesja02,LAL,C,25.0,66.0,9.0,18.3,3.0,4.0,0.756,0.0,0.0,1.0,1.5,2.3,0.653,1.5,2.6,4.1,0.9,0.4,0.8,0.5,1.9,7.5,0.761
Ben Saraf,sarafbe01,BRK,SG,19.0,44.0,11.0,20.8,2.7,6.9,0.396,0.4,2.0,0.211,1.7,2.0,0.83,0.5,1.6,2.1,3.3,0.9,0.2,2.3,1.8,7.5,0.427
Vince Williams Jr.,willivi01,2TM,SG,25.0,40.0,12.0,20.5,2.6,7.3,0.353,1.4,4.4,0.311,1.0,1.3,0.78,1.0,2.9,3.9,4.2,0.7,0.4,1.8,2.0,7.5,0.447
Isaiah Jackson,jacksis01,LAC,C,24.0,17.0,0.0,15.9,3.2,4.2,0.764,0.0,0.1,0.0,1.0,1.8,0.548,1.6,3.1,4.6,1.2,0.6,1.2,0.9,2.3,7.5,0.764
De'Andre Hunter,huntede01,SAC,SF,28.0,2.0,2.0,25.5,2.0,9.5,0.211,1.0,4.5,0.222,2.5,3.0,0.833,0.5,1.0,1.5,0.5,0.0,0.0,2.0,2.5,7.5,0.263
Jose Alvarado,alvarjo01,2TM,PG,27.0,69.0,3.0,19.9,2.7,6.5,0.416,1.5,4.2,0.352,0.5,0.7,0.761,0.4,2.1,2.5,3.4,1.0,0.1,1.1,1.9,7.4,0.529
Caris LeVert,leverca01,DET,SG,31.0,60.0,0.0,19.2,2.7,6.5,0.417,1.0,3.0,0.333,1.0,1.4,0.679,0.4,1.6,2.0,2.7,0.9,0.7,1.4,1.5,7.4,0.494
Taylor Hendricks,hendrta01,2TM,PF,22.0,59.0,17.0,18.9,2.8,6.0,0.459,1.1,3.1,0.342,0.8,1.2,0.681,1.1,2.6,3.7,0.9,0.8,0.5,0.8,1.7,7.4,0.548
Jamir Watkins,watkija01,WAS,SG,24.0,50.0,7.0,20.6,2.6,5.9,0.446,0.9,3.2,0.297,1.1,1.6,0.695,1.0,2.9,3.9,1.3,1.1,0.5,0.8,2.6,7.4,0.525
Josh Minott,minotjo01,2TM,PF,23.0,49.0,11.0,17.0,2.6,5.1,0.5,1.3,3.1,0.418,1.0,1.2,0.787,1.0,2.2,3.2,0.9,0.9,0.5,0.9,1.5,7.4,0.627
Bogdan Bogdanović,bogdabo01,LAC,SG,33.0,23.0,3.0,19.7,2.6,6.6,0.388,1.4,4.1,0.347,0.9,1.1,0.8,0.3,2.3,2.6,2.2,0.4,0.1,1.2,2.0,7.4,0.497
Cameron Payne,payneca01,PHI,PG,31.0,22.0,1.0,17.0,2.5,6.8,0.376,1.5,4.4,0.33,0.9,1.0,0.864,0.1,1.9,2.0,2.6,1.1,0.3,0.5,1.4,7.4,0.483
Kris Dunn,dunnkr01,LAC,PG,31.0,82.0,68.0,27.2,2.8,5.8,0.476,1.0,2.6,0.374,0.8,1.0,0.765,0.7,2.6,3.3,3.6,1.6,0.2,1.4,2.3,7.3,0.56
Kobe Sanders,sandeko01,LAC,SG,23.0,68.0,16.0,19.9,2.6,5.6,0.466,1.2,2.9,0.408,0.8,1.0,0.826,0.4,1.8,2.3,1.6,0.7,0.1,1.2,2.1,7.3,0.57
Nikola Jović,jovicni01,MIA,PF,22.0,47.0,1.0,17.2,2.4,6.7,0.366,1.0,3.6,0.269,1.5,2.1,0.683,0.5,2.7,3.3,2.2,0.6,0.4,1.4,1.4,7.3,0.438
Tyrese Martin,martity01,BRK,SG,26.0,37.0,6.0,18.8,2.7,6.9,0.392,1.4,4.1,0.336,0.5,0.7,0.731,0.9,2.0,2.9,1.9,0.6,0.1,0.9,0.8,7.3,0.492
Jalen Slawson,slawsja01,IND,SF,26.0,13.0,6.0,23.9,2.6,5.9,0.442,1.2,3.1,0.375,0.9,1.3,0.706,0.5,3.8,4.4,2.8,1.5,1.1,1.3,2.1,7.3,0.539
Pat Spencer,spencpa01,GSW,PG,29.0,66.0,14.0,18.6,2.8,6.6,0.427,0.9,2.5,0.357,0.7,0.9,0.772,0.8,1.6,2.4,3.5,0.7,0.1,1.3,1.1,7.2,0.495
Jaylin Williams,willija07,OKC,PF,23.0,65.0,11.0,19.6,2.3,5.4,0.423,1.5,3.9,0.383,1.1,1.4,0.793,0.5,5.0,5.5,2.4,0.5,0.6,1.0,2.0,7.2,0.563
Terance Mann,mannte01,BRK,SG,29.0,63.0,51.0,24.3,2.7,5.8,0.457,0.9,2.4,0.364,1.0,1.3,0.788,1.1,2.1,3.2,3.0,0.7,0.2,1.1,2.5,7.2,0.533
Julian Strawther,strawju01,DEN,SG,23.0,57.0,14.0,15.1,2.6,5.6,0.467,1.0,2.6,0.387,1.0,1.2,0.814,0.2,1.8,2.0,1.1,0.4,0.1,0.6,1.3,7.2,0.558
Jevon Carter,carteje01,ORL,PG,30.0,30.0,1.0,20.4,2.7,6.8,0.402,1.5,4.6,0.336,0.2,0.3,0.556,0.3,1.8,2.1,2.3,0.9,0.3,0.8,1.3,7.2,0.515
Vít Krejčí,krejcvi01,POR,PG,25.0,19.0,0.0,19.2,2.6,6.4,0.405,1.4,4.7,0.303,0.6,0.8,0.733,0.6,2.1,2.7,1.7,0.5,0.3,0.6,1.6,7.2,0.517
Ben Sheppard,sheppbe01,IND,SG,24.0,65.0,20.0,21.4,2.6,6.0,0.434,1.3,3.6,0.362,0.6,0.8,0.765,0.7,2.3,3.0,1.8,0.6,0.1,0.6,1.8,7.1,0.543
Kyle Anderson,anderky01,UTA,SF,32.0,20.0,0.0,20.1,2.9,5.5,0.523,0.2,0.3,0.6,1.3,1.9,0.658,1.0,2.4,3.3,3.1,1.2,0.5,0.9,2.3,7.1,0.537
Leaky Black,blackle01,WAS,SF,26.0,15.0,9.0,28.9,2.7,6.9,0.388,1.3,3.7,0.345,0.5,0.5,0.875,1.0,4.0,5.0,1.5,1.2,0.5,0.9,2.7,7.1,0.481
Seth Curry,curryse01,GSW,SG,35.0,10.0,0.0,13.3,2.4,4.9,0.49,1.2,2.5,0.48,1.1,1.2,0.917,0.4,0.8,1.2,1.0,0.3,0.0,0.2,0.7,7.1,0.612
Patrick Williams,willipa01,CHI,PF,24.0,72.0,6.0,20.5,2.5,6.6,0.372,1.3,3.8,0.347,0.8,1.0,0.72,0.7,2.3,3.0,1.5,0.7,0.4,1.0,1.3,7.0,0.472
Grant Williams,willigr01,CHO,PF,27.0,36.0,3.0,19.8,2.2,5.1,0.426,1.4,3.7,0.388,1.2,1.5,0.815,1.3,2.7,3.9,1.6,0.5,0.5,0.9,1.6,7.0,0.568
Ethan Thompson,thompet01,IND,SG,26.0,32.0,13.0,20.4,2.3,6.1,0.378,1.2,3.6,0.328,1.2,1.5,0.787,0.5,1.6,2.2,1.8,0.6,0.3,0.8,2.2,7.0,0.474
Lawson Lovering,loverla01,MEM,C,22.0,2.0,1.0,24.5,3.0,5.0,0.6,0.0,0.0,,1.0,2.5,0.4,3.0,4.5,7.5,1.5,1.5,0.5,1.0,3.5,7.0,0.6
Javonte Green,greenja02,DET,SG,32.0,82.0,6.0,17.6,2.3,5.0,0.447,1.1,3.0,0.381,1.3,1.5,0.84,0.8,2.0,2.8,0.7,1.2,0.3,0.5,1.3,6.9,0.56
Moritz Wagner,wagnemo01,ORL,C,28.0,36.0,0.0,11.9,2.3,5.4,0.426,0.6,1.9,0.314,1.6,2.0,0.819,0.8,2.4,3.2,0.8,0.4,0.1,0.5,1.6,6.9,0.482
Jaden Hardy,hardyja02,DAL,SG,23.0,34.0,4.0,12.6,2.3,5.7,0.402,1.4,3.6,0.371,0.9,1.2,0.775,0.3,1.1,1.4,0.9,0.3,0.1,0.8,1.1,6.9,0.521
Walter Clayton,claytwa01,UTA,PG,22.0,45.0,0.0,18.0,2.3,5.7,0.398,1.0,3.2,0.308,1.3,1.4,0.935,0.3,1.6,2.0,3.2,0.5,0.3,1.3,1.7,6.8,0.484
Elijah Harkless,harklej01,UTA,SG,25.0,26.0,9.0,21.0,2.1,6.2,0.335,0.8,3.4,0.239,1.9,2.5,0.766,0.4,1.7,2.0,2.9,1.2,0.2,1.0,2.0,6.8,0.401
MarJon Beauchamp,beaucma01,PHI,SF,25.0,14.0,1.0,14.0,2.4,5.4,0.434,1.1,3.4,0.34,0.9,1.4,0.684,0.5,1.8,2.3,1.1,0.6,0.3,0.9,0.9,6.8,0.539
Keon Ellis,elliske01,2TM,SG,26.0,72.0,11.0,20.5,2.3,5.3,0.44,1.3,3.5,0.363,0.7,1.0,0.729,0.5,1.3,1.9,1.0,1.2,0.6,0.6,1.9,6.7,0.559
Robert Williams,williro04,POR,C,28.0,59.0,1.0,17.1,3.0,4.2,0.708,0.2,0.4,0.391,0.6,1.0,0.596,2.4,4.6,7.0,1.0,0.6,1.5,0.8,1.3,6.7,0.726
Isaiah Jackson,jacksis01,2TM,C,24.0,55.0,14.0,16.5,2.7,4.3,0.637,0.0,0.1,0.0,1.2,1.9,0.648,2.1,3.2,5.3,0.9,0.7,0.9,1.1,2.7,6.7,0.637
Kevin Love,loveke01,UTA,PF,37.0,37.0,5.0,16.6,2.1,5.4,0.397,1.4,3.8,0.373,1.0,1.2,0.841,1.5,4.3,5.8,1.8,0.4,0.2,0.8,1.5,6.7,0.53
Cole Anthony,anthoco01,MIL,PG,25.0,35.0,0.0,15.1,2.8,6.6,0.424,0.6,2.1,0.306,0.5,0.7,0.615,0.5,2.0,2.5,3.5,0.6,0.3,1.9,2.1,6.7,0.472
Ochai Agbaji,agbajoc01,BRK,SG,25.0,20.0,0.0,16.2,2.5,5.5,0.455,1.1,3.2,0.349,0.6,0.7,0.786,0.7,1.7,2.3,0.9,0.4,0.3,0.6,0.9,6.7,0.555
Jamal Shead,sheadja01,TOR,PG,23.0,82.0,12.0,22.6,2.3,6.1,0.367,1.0,3.2,0.321,1.1,1.4,0.784,0.3,1.4,1.7,5.4,0.9,0.2,1.4,2.0,6.6,0.45
Ryan Nembhard,nembhry01,DAL,PG,22.0,60.0,27.0,19.5,2.7,6.5,0.415,0.8,2.3,0.356,0.4,0.5,0.806,0.2,2.0,2.2,5.3,0.4,0.0,1.4,1.4,6.6,0.477
Jared McCain,mccaija01,PHI,SG,21.0,37.0,1.0,16.8,2.4,6.2,0.385,1.2,3.2,0.378,0.6,0.7,0.88,0.2,1.9,2.0,1.7,0.6,0.1,0.8,1.2,6.6,0.483
Jose Alvarado,alvarjo01,NYK,PG,27.0,28.0,3.0,16.9,2.5,6.0,0.414,1.1,3.4,0.33,0.5,0.8,0.682,0.4,1.7,2.0,3.8,1.0,0.1,1.1,1.8,6.6,0.506
Oso Ighodaro,ighodos01,PHO,PF,23.0,82.0,24.0,22.0,2.9,4.5,0.653,0.0,0.0,0.0,0.6,1.4,0.453,1.7,3.4,5.1,2.3,0.9,0.7,1.2,2.7,6.5,0.653
Luke Kornet,kornelu01,SAS,C,30.0,68.0,25.0,21.0,2.6,4.0,0.643,0.0,0.0,,1.4,1.7,0.825,2.7,3.4,6.1,1.9,0.5,1.0,0.4,1.8,6.5,0.643
Drake Powell,poweldr01,BRK,SG,20.0,63.0,24.0,21.0,2.3,5.7,0.402,0.8,2.9,0.28,1.1,1.2,0.896,0.3,1.4,1.8,1.4,0.6,0.2,1.0,1.4,6.5,0.473
Kenrich Williams,willike04,OKC,PF,31.0,56.0,2.0,15.3,2.5,5.3,0.473,0.9,2.3,0.388,0.6,0.9,0.635,1.1,2.3,3.3,1.4,0.6,0.1,0.8,1.1,6.5,0.557
Trendon Watford,watfotr01,PHI,PF,25.0,53.0,7.0,16.3,2.6,5.1,0.515,0.2,0.9,0.2,1.1,1.5,0.779,0.7,2.6,3.3,2.5,0.3,0.4,1.2,2.0,6.5,0.534
Will Richard,richawi02,GSW,SG,23.0,69.0,21.0,20.0,2.3,5.0,0.468,1.0,3.1,0.335,0.7,0.8,0.852,1.0,1.5,2.5,1.3,1.2,0.1,0.8,1.9,6.4,0.571
Andre Drummond,drumman01,PHI,C,32.0,63.0,25.0,19.5,2.5,5.3,0.472,0.5,1.4,0.356,0.8,1.3,0.631,3.2,5.3,8.4,1.3,0.6,0.8,1.0,2.0,6.4,0.519
Jalen Wilson,wilsoja03,BRK,PF,25.0,54.0,2.0,15.9,2.0,5.1,0.396,1.0,2.8,0.355,1.3,1.8,0.719,0.3,1.8,2.1,0.9,0.4,0.0,0.7,1.6,6.4,0.493
Jevon Carter,carteje01,2TM,PG,30.0,53.0,1.0,16.4,2.3,5.8,0.401,1.5,4.1,0.363,0.3,0.4,0.789,0.3,1.4,1.7,1.6,0.8,0.2,0.7,1.1,6.4,0.528
Isaiah Jackson,jacksis01,IND,C,24.0,38.0,14.0,16.8,2.5,4.3,0.582,0.0,0.0,0.0,1.3,1.9,0.689,2.3,3.3,5.6,0.8,0.7,0.8,1.1,2.8,6.4,0.582
Rob Dillingham,dilliro01,2TM,PG,21.0,65.0,0.0,14.9,2.5,6.3,0.396,0.6,2.0,0.316,0.6,0.8,0.745,0.3,1.7,2.0,2.2,0.7,0.1,1.5,1.8,6.3,0.447
Tyrese Martin,martity01,2TM,SG,26.0,46.0,6.0,16.9,2.4,6.0,0.394,1.2,3.6,0.321,0.4,0.6,0.679,0.7,1.8,2.5,1.7,0.5,0.1,0.9,0.7,6.3,0.489
Mac McClung,mccluma01,IND,SG,27.0,3.0,0.0,11.3,2.3,6.0,0.389,0.7,3.3,0.2,1.0,1.3,0.75,0.0,1.3,1.3,0.3,1.7,0.3,0.7,2.0,6.3,0.444
Thomas Bryant,bryanth01,CLE,C,28.0,60.0,1.0,12.2,2.3,4.5,0.506,0.8,2.2,0.359,0.9,1.1,0.803,1.0,2.4,3.4,0.6,0.3,0.4,0.5,1.3,6.2,0.594
Alex Caruso,carusal01,OKC,SG,31.0,56.0,0.0,18.2,2.3,5.4,0.423,0.9,3.2,0.293,0.7,0.9,0.804,0.5,2.3,2.8,2.0,1.3,0.3,0.9,1.2,6.2,0.512
Kasparas Jakučionis,jakucka01,MIA,PG,19.0,53.0,12.0,17.8,1.9,4.5,0.429,1.2,2.9,0.423,1.1,1.2,0.879,0.8,1.8,2.6,2.6,0.6,0.1,0.9,1.9,6.2,0.567
Kyle Anderson,anderky01,3TM,SF,32.0,43.0,5.0,19.8,2.5,4.7,0.53,0.1,0.3,0.364,1.1,1.6,0.706,1.0,2.5,3.5,2.9,1.0,0.6,0.9,2.2,6.2,0.54
Jahmai Mashack,mashaja01,MEM,SG,23.0,31.0,7.0,21.7,2.5,6.3,0.395,0.6,2.4,0.253,0.6,1.1,0.543,0.7,1.9,2.6,2.2,1.2,0.5,1.6,2.2,6.2,0.444
Nick Smith Jr.,smithni01,LAL,SG,21.0,30.0,1.0,12.5,2.3,5.4,0.435,1.1,2.9,0.395,0.4,0.5,0.733,0.1,0.7,0.8,1.0,0.3,0.1,0.7,0.9,6.2,0.54
PJ Hall,hallpj01,CHO,C,23.0,12.0,2.0,15.6,2.1,4.2,0.5,0.2,0.2,1.0,1.8,2.2,0.808,2.5,3.0,5.5,0.7,0.3,0.7,1.3,1.6,6.1,0.52
Mac McClung,mccluma01,2TM,SG,27.0,11.0,0.0,12.3,2.1,5.4,0.39,0.6,2.7,0.233,1.3,1.6,0.778,0.2,0.7,0.9,0.9,1.0,0.3,0.8,1.7,6.1,0.449
Gradey Dick,dickgr01,TOR,SG,22.0,76.0,1.0,14.0,2.1,5.1,0.419,0.7,2.4,0.301,1.0,1.2,0.875,0.6,1.4,1.9,0.7,0.6,0.1,0.6,1.3,6.0,0.492
Justin Edwards,edwarju01,PHI,SF,22.0,64.0,12.0,15.3,2.2,5.0,0.447,1.0,2.8,0.372,0.5,0.6,0.846,0.4,1.1,1.5,1.3,0.8,0.2,0.6,1.4,6.0,0.552
Tidjane Salaün,salauti01,CHO,PF,20.0,37.0,0.0,15.5,2.2,4.3,0.503,1.0,2.2,0.434,0.7,1.1,0.65,0.7,3.3,4.0,0.7,0.4,0.2,0.7,1.5,6.0,0.616
KJ Simpson,simpskj01,CHO,PG,23.0,14.0,2.0,15.9,2.2,6.4,0.348,0.9,2.8,0.308,0.7,1.1,0.625,0.4,1.7,2.1,2.5,1.1,0.0,1.7,1.0,6.0,0.416
Mac McClung,mccluma01,CHI,SG,27.0,8.0,0.0,12.6,2.0,5.1,0.39,0.6,2.5,0.25,1.4,1.8,0.786,0.3,0.5,0.8,1.1,0.8,0.3,0.9,1.6,6.0,0.451
Hayden Gray,grayha01,UTA,SG,22.0,1.0,0.0,25.0,2.0,3.0,0.667,0.0,1.0,0.0,2.0,2.0,1.0,0.0,0.0,0.0,1.0,1.0,1.0,1.0,0.0,6.0,0.667
Goga Bitadze,bitadgo01,ORL,C,26.0,64.0,3.0,15.2,2.4,3.5,0.676,0.0,0.2,0.182,1.1,1.5,0.711,2.1,2.9,5.0,1.3,0.6,1.0,0.7,2.1,5.9,0.68
John Konchar,konchjo01,UTA,SG,29.0,26.0,7.0,26.2,2.2,4.9,0.445,0.6,2.3,0.25,0.9,1.2,0.774,2.1,3.6,5.7,3.0,2.0,1.0,0.8,1.9,5.9,0.504
Ryan Dunn,dunnry01,PHO,SF,23.0,70.0,16.0,19.4,2.3,5.2,0.453,0.8,2.4,0.331,0.3,0.7,0.489,1.4,2.8,4.2,1.5,0.9,0.4,0.8,1.9,5.8,0.53
Nae'Qwan Tomlin,tomlina01,CLE,PF,25.0,64.0,3.0,15.7,2.3,4.9,0.478,0.4,1.8,0.235,0.7,1.0,0.77,1.3,1.6,2.9,0.8,0.6,0.5,0.5,2.0,5.8,0.521
Kobe Brown,brownko01,2TM,PF,26.0,61.0,10.0,15.8,2.1,4.4,0.469,0.9,2.3,0.374,0.8,1.0,0.797,1.1,1.9,3.0,1.3,0.4,0.2,0.9,1.1,5.8,0.565
Dean Wade,wadede01,CLE,PF,29.0,59.0,38.0,22.3,2.1,4.7,0.439,1.2,3.3,0.362,0.5,0.6,0.711,0.9,3.3,4.2,1.5,0.7,0.4,0.3,1.5,5.8,0.567
Kris Murray,murrakr01,POR,SF,25.0,57.0,15.0,23.4,2.3,4.8,0.467,0.6,2.1,0.279,0.7,1.0,0.684,1.6,2.0,3.6,1.4,0.9,0.4,0.8,1.6,5.8,0.529
Anthony Gill,gillan01,WAS,PF,33.0,55.0,8.0,17.3,2.5,3.9,0.628,0.3,0.9,0.354,0.6,0.8,0.739,1.1,1.8,2.9,1.3,0.6,0.4,0.7,1.6,5.8,0.667
Nick Richards,richani01,2TM,C,28.0,48.0,6.0,14.6,2.1,4.2,0.512,0.1,0.4,0.278,1.4,2.1,0.644,1.6,3.5,5.1,0.3,0.2,0.7,1.2,1.8,5.8,0.525
Branden Carlson,carlsbr01,OKC,C,26.0,42.0,4.0,11.6,2.3,4.4,0.527,0.7,2.0,0.36,0.4,0.6,0.577,0.7,2.3,3.0,0.7,0.2,0.6,0.4,0.9,5.8,0.61
Josh Minott,minotjo01,BOS,PF,23.0,33.0,10.0,15.9,2.1,4.1,0.507,1.0,2.3,0.442,0.6,0.8,0.769,1.2,2.4,3.6,1.0,0.7,0.4,0.6,1.5,5.8,0.632
Steven Adams,adamsst01,HOU,C,32.0,32.0,11.0,22.8,2.2,4.3,0.504,0.0,0.0,,1.5,2.5,0.58,4.5,4.1,8.6,1.5,0.7,0.6,1.1,1.7,5.8,0.504
Matisse Thybulle,thybuma01,POR,SG,28.0,30.0,0.0,16.0,1.9,4.5,0.433,1.2,3.1,0.398,0.7,0.8,0.84,0.6,1.4,2.0,0.9,2.0,0.5,0.9,1.4,5.8,0.571
Charles Bassey,bassech01,4TM,C,25.0,13.0,0.0,11.8,2.4,3.6,0.66,0.0,0.0,,1.1,1.5,0.7,1.8,2.6,4.4,0.5,0.3,0.8,0.5,1.5,5.8,0.66
Yves Missi,missiyv01,NOP,C,21.0,66.0,14.0,19.7,2.4,4.5,0.544,0.0,0.0,0.0,0.9,1.5,0.559,2.8,3.1,5.8,1.3,0.3,1.5,0.8,1.7,5.7,0.544
Karlo Matković,matkoka01,NOP,PF,24.0,62.0,2.0,14.7,2.3,3.8,0.604,0.6,1.5,0.422,0.5,0.7,0.732,1.2,2.5,3.7,0.8,0.4,0.9,0.5,1.7,5.7,0.685
Mitchell Robinson,robinmi01,NYK,C,27.0,60.0,16.0,19.6,2.5,3.4,0.723,0.0,0.0,,0.7,1.7,0.408,4.2,4.6,8.8,0.9,0.9,1.2,0.7,2.1,5.7,0.723
Jamaree Bouyea,bouyeja01,PHO,PG,26.0,46.0,1.0,14.0,2.3,5.1,0.458,0.5,1.7,0.295,0.5,0.8,0.686,0.4,1.4,1.8,1.8,0.6,0.3,0.7,0.8,5.7,0.506
Doug McDermott,mcderdo01,SAC,SF,34.0,29.0,0.0,15.1,1.9,4.8,0.388,1.7,4.2,0.39,0.3,0.3,0.889,0.2,1.0,1.3,0.8,0.2,0.1,0.4,1.0,5.7,0.561
E.J. Liddell,liddeej01,BRK,PF,25.0,26.0,5.0,13.4,2.1,4.3,0.486,0.7,2.0,0.346,0.8,1.0,0.808,0.5,2.1,2.7,0.9,0.2,0.4,0.6,1.7,5.7,0.568
Dru Smith,smithdr01,MIA,SG,28.0,70.0,1.0,16.3,1.9,4.6,0.415,0.5,1.8,0.295,1.2,1.5,0.829,0.9,1.6,2.5,2.6,1.4,0.3,0.8,1.6,5.6,0.474
Guerschon Yabusele,yabusgu01,2TM,C,30.0,67.0,19.0,15.0,1.9,4.7,0.401,1.0,2.9,0.352,0.8,1.1,0.75,0.8,2.7,3.5,0.9,0.4,0.2,0.6,1.2,5.6,0.511
Keon Ellis,elliske01,SAC,SG,26.0,43.0,5.0,17.6,1.9,4.9,0.397,1.2,3.3,0.368,0.5,0.7,0.625,0.3,0.9,1.3,0.6,1.1,0.5,0.5,1.6,5.6,0.524
Terrence Shannon Jr.,shannte01,MIN,SG,25.0,43.0,2.0,12.5,1.8,4.0,0.45,0.7,1.8,0.408,1.3,1.6,0.8,0.2,0.9,1.1,0.9,0.3,0.0,0.6,1.2,5.6,0.541
Baylor Scheierman,scheiba01,BOS,SG,25.0,77.0,20.0,18.6,2.0,4.3,0.453,1.3,3.2,0.399,0.4,0.4,0.903,0.7,2.8,3.5,1.5,0.5,0.1,0.6,1.4,5.5,0.599
Spencer Jones,jonessp01,DEN,SF,24.0,64.0,37.0,22.1,2.1,4.1,0.504,0.9,2.3,0.396,0.5,0.8,0.608,1.2,2.1,3.3,0.8,0.8,0.5,0.5,2.7,5.5,0.613
Aaron Holiday,holidaa01,HOU,PG,29.0,57.0,1.0,13.7,1.8,4.4,0.417,1.2,3.0,0.394,0.6,0.7,0.854,0.2,0.8,1.0,1.1,0.5,0.1,0.7,1.3,5.5,0.55
Jett Howard,howarje01,ORL,SF,22.0,55.0,0.0,12.6,1.9,4.6,0.418,1.0,2.6,0.372,0.7,0.7,0.949,0.4,1.2,1.6,0.8,0.2,0.2,0.3,1.2,5.5,0.526
Tre Mann,manntr01,CHO,PG,24.0,53.0,1.0,12.6,2.1,5.7,0.36,0.9,2.9,0.323,0.4,0.5,0.852,0.4,1.4,1.7,1.6,0.5,0.1,1.0,1.3,5.5,0.442
Killian Hayes,hayeski01,SAC,PG,24.0,23.0,3.0,17.7,1.8,6.0,0.304,0.7,2.7,0.27,1.1,1.2,0.929,0.2,2.2,2.3,3.5,0.9,0.2,1.2,1.6,5.5,0.366
Eric Gordon,gordoer01,PHI,SG,37.0,6.0,0.0,12.3,2.0,3.5,0.571,1.3,2.3,0.571,0.2,0.3,0.5,0.2,0.2,0.3,0.5,0.7,0.2,0.5,0.5,5.5,0.762
Sion James,jamessi01,CHO,SG,23.0,82.0,19.0,22.5,1.7,4.5,0.371,1.0,2.9,0.352,1.0,1.2,0.837,0.6,2.9,3.5,2.0,0.6,0.2,0.8,1.8,5.4,0.483
Jordan Walsh,walshjo01,BOS,PF,21.0,68.0,25.0,17.8,2.0,3.9,0.509,0.7,1.8,0.384,0.6,0.8,0.772,1.3,2.8,4.0,0.8,0.7,0.5,0.5,2.0,5.4,0.599
Tyrese Proctor,proctty01,CLE,PG,21.0,50.0,1.0,10.9,1.9,4.5,0.413,0.9,2.6,0.351,0.8,0.9,0.889,0.2,1.1,1.3,1.5,0.5,0.0,0.8,1.2,5.4,0.516
Pete Nance,nancepe01,MIL,PF,25.0,47.0,6.0,15.7,2.1,4.1,0.515,1.1,2.5,0.42,0.1,0.2,0.364,0.6,2.1,2.7,1.0,0.3,0.3,0.6,1.3,5.4,0.644
Dylan Cardwell,cardwdy01,SAC,C,24.0,44.0,1.0,20.6,2.4,4.1,0.587,0.0,0.1,0.5,0.6,1.2,0.51,3.3,4.2,7.5,1.4,0.7,1.5,0.9,3.7,5.4,0.592
Jamal Cain,cainja01,ORL,SF,26.0,40.0,1.0,12.2,1.9,3.8,0.487,0.7,1.8,0.384,1.0,1.2,0.848,0.7,1.3,2.0,0.7,0.3,0.1,0.5,1.3,5.4,0.579
Jevon Carter,carteje01,CHI,PG,30.0,23.0,0.0,11.0,1.8,4.5,0.398,1.4,3.4,0.41,0.4,0.4,1.0,0.2,0.9,1.1,0.8,0.6,0.1,0.5,0.8,5.4,0.553
Haywood Highsmith,highsha01,PHO,SF,29.0,7.0,0.0,13.0,1.7,3.3,0.522,1.1,2.0,0.571,0.9,1.0,0.857,0.9,1.0,1.9,1.0,0.6,0.0,0.0,1.3,5.4,0.696
Rayan Rupert,ruperra01,2TM,SG,21.0,64.0,8.0,16.8,1.9,4.9,0.393,0.7,2.1,0.324,0.7,0.8,0.778,0.8,2.2,2.9,1.1,0.9,0.1,0.9,1.9,5.2,0.463
Jalen Pickett,pickeja02,DEN,SG,26.0,50.0,18.0,16.1,2.0,4.6,0.422,1.0,2.5,0.386,0.3,0.4,0.789,0.4,1.9,2.3,2.3,0.3,0.1,0.7,0.8,5.2,0.528
Asa Newell,newelas01,ATL,PF,20.0,44.0,2.0,11.4,2.1,3.8,0.538,0.7,1.7,0.387,0.4,0.7,0.552,1.0,1.2,2.2,0.6,0.4,0.3,0.5,1.5,5.2,0.624
Drew Eubanks,eubandr01,SAC,C,28.0,42.0,11.0,13.1,2.2,3.7,0.596,0.0,0.2,0.143,0.8,1.4,0.561,0.9,2.1,3.0,0.5,0.4,0.6,0.7,1.4,5.2,0.599
Marcus Sasser,sassema01,DET,PG,25.0,38.0,5.0,12.0,1.8,4.7,0.39,1.2,2.8,0.415,0.4,0.5,0.833,0.2,0.8,1.0,2.0,0.5,0.1,0.8,1.1,5.2,0.514
Garrison Mathews,mathega01,IND,SG,29.0,15.0,1.0,13.1,1.4,3.5,0.404,1.1,3.1,0.37,1.3,1.5,0.826,0.1,1.0,1.1,0.7,0.4,0.2,0.2,1.3,5.2,0.567
Nikola Topić,topicni01,OKC,PG,20.0,10.0,2.0,16.0,2.2,5.1,0.431,0.6,1.5,0.4,0.2,0.5,0.4,0.7,1.2,1.9,4.4,0.5,0.0,2.5,1.3,5.2,0.49
Trey Alexander,alexatr01,NOP,SG,22.0,9.0,0.0,12.3,2.1,4.1,0.514,0.7,1.3,0.5,0.3,0.6,0.6,0.1,1.1,1.2,1.0,0.7,0.2,0.3,1.4,5.2,0.595
Andersson Garcia,garcian01,UTA,SF,25.0,5.0,2.0,33.8,1.8,5.8,0.31,0.2,2.6,0.077,1.4,1.8,0.778,3.4,5.0,8.4,2.8,1.6,0.8,1.4,3.2,5.2,0.328
Sidy Cissoko,cissosi01,POR,SF,21.0,75.0,26.0,19.1,1.8,4.5,0.398,0.8,2.6,0.298,0.8,1.2,0.659,0.8,1.4,2.2,1.5,0.7,0.3,0.9,2.4,5.1,0.487
Ochai Agbaji,agbajoc01,2TM,SG,25.0,62.0,13.0,15.7,2.0,4.5,0.436,0.5,2.1,0.266,0.6,0.7,0.837,0.7,1.5,2.3,0.8,0.4,0.3,0.5,1.5,5.1,0.496
Jordan Hawkins,hawkijo01,NOP,SG,23.0,51.0,1.0,13.6,1.8,5.0,0.366,0.9,2.6,0.348,0.5,0.5,0.852,0.4,1.3,1.7,0.8,0.3,0.2,0.7,0.6,5.1,0.457
Johnny Furphy,furphjo01,IND,SG,21.0,35.0,21.0,18.4,2.0,4.3,0.47,0.7,2.0,0.324,0.5,1.0,0.486,0.9,3.5,4.4,1.2,0.6,0.2,0.8,1.9,5.1,0.547
Buddy Hield,hieldbu01,ATL,SG,33.0,7.0,0.0,7.3,1.9,3.9,0.481,1.0,2.4,0.412,0.4,0.4,1.0,0.1,1.0,1.1,0.7,0.3,0.0,0.9,0.1,5.1,0.611
Jericho Sims,simsje01,MIL,C,27.0,67.0,19.0,19.7,2.2,2.8,0.784,0.0,0.0,,0.7,1.1,0.62,2.2,3.3,5.5,1.6,0.3,0.3,1.1,2.2,5.0,0.784
Patrick Baldwin Jr.,baldwpa01,LAC,SF,23.0,2.0,0.0,6.0,1.5,2.0,0.75,1.0,1.5,0.667,1.0,1.0,1.0,0.0,0.5,0.5,0.0,0.0,0.0,0.5,1.0,5.0,1.0
Mo Bamba,bambamo01,UTA,C,27.0,2.0,0.0,19.0,2.5,4.5,0.556,0.0,0.0,,0.0,0.0,,4.5,5.5,10.0,0.5,0.0,1.0,1.0,2.0,5.0,0.556
Taylor Hendricks,hendrta01,UTA,PF,22.0,33.0,6.0,14.9,1.8,3.9,0.453,0.7,2.1,0.343,0.7,1.0,0.719,0.9,2.1,3.0,0.7,0.4,0.2,0.6,1.2,4.9,0.547
RayJ Dennis,dennira01,IND,PG,24.0,13.0,0.0,12.9,1.7,5.5,0.306,0.9,2.9,0.316,0.6,0.7,0.889,0.6,1.0,1.6,2.0,0.2,0.3,1.1,1.2,4.9,0.389
Adem Bona,bonaad01,PHI,C,22.0,71.0,18.0,17.4,1.8,3.1,0.595,0.0,0.1,0.333,1.1,1.6,0.708,1.8,2.5,4.3,0.5,0.4,1.2,0.8,2.2,4.8,0.6
Blake Wesley,weslebl01,POR,SG,22.0,31.0,0.0,11.6,1.8,4.0,0.452,0.3,1.2,0.278,0.8,1.5,0.553,0.3,1.0,1.3,2.0,0.5,0.2,1.0,1.1,4.8,0.492
Gabe Vincent,vincega01,LAL,PG,29.0,29.0,7.0,19.3,1.6,4.5,0.346,1.3,3.6,0.369,0.3,0.4,0.909,0.2,0.7,0.9,1.3,0.5,0.0,0.4,1.8,4.8,0.492
Amir Coffey,coffeam01,PHO,SG,28.0,16.0,1.0,14.1,1.8,3.6,0.5,0.6,1.5,0.417,0.6,0.8,0.692,0.8,1.1,1.9,1.0,0.4,0.1,0.3,1.0,4.8,0.586
Tyler Smith,smithty02,DAL,PF,21.0,12.0,0.0,13.8,1.8,4.2,0.42,0.8,2.9,0.286,0.3,0.5,0.667,1.0,1.8,2.8,0.4,0.5,0.0,0.5,1.1,4.7,0.52
Vince Williams Jr.,willivi01,UTA,SG,25.0,6.0,0.0,14.0,1.7,4.7,0.357,1.0,3.0,0.333,0.3,0.7,0.5,0.8,2.3,3.2,2.7,0.3,0.3,1.2,1.5,4.7,0.464
Lonzo Ball,balllo01,CLE,PG,28.0,35.0,3.0,20.8,1.5,5.0,0.301,1.1,4.2,0.272,0.4,0.6,0.667,0.7,3.3,4.0,3.9,1.3,0.3,1.5,1.3,4.6,0.415
Malaki Branham,branhma01,WAS,SG,22.0,28.0,0.0,9.8,1.5,3.3,0.473,0.5,1.3,0.378,1.0,1.2,0.824,0.4,1.1,1.6,0.8,0.4,0.1,0.5,0.8,4.6,0.549
Jeremiah Robinson-Earl,robinje02,2TM,PF,25.0,22.0,3.0,16.4,1.7,4.5,0.37,0.5,1.9,0.244,0.8,0.8,0.944,1.6,3.0,4.7,0.7,0.4,0.0,0.5,1.2,4.6,0.42
KJ Simpson,simpskj01,2TM,PG,23.0,20.0,2.0,12.9,1.7,5.0,0.343,0.6,2.0,0.3,0.6,0.9,0.611,0.5,1.4,1.9,2.2,0.8,0.0,1.3,0.9,4.6,0.404
Kyle Anderson,anderky01,MIN,SF,32.0,19.0,2.0,19.1,1.8,3.9,0.473,0.0,0.3,0.0,0.9,1.2,0.773,1.1,2.6,3.7,3.3,0.8,0.6,0.8,2.0,4.6,0.473
Jeremiah Robinson-Earl,robinje02,IND,PF,25.0,17.0,3.0,17.6,1.7,4.9,0.349,0.5,1.9,0.242,0.8,0.8,0.929,1.9,3.3,5.2,0.7,0.4,0.1,0.6,1.4,4.6,0.398
Zyon Pullin,pullizy01,MIN,SG,24.0,5.0,0.0,8.6,1.8,2.6,0.692,0.2,0.6,0.333,0.8,0.8,1.0,0.2,0.4,0.6,1.8,0.2,0.0,0.6,1.2,4.6,0.731
Josh Okogie,okogijo01,HOU,SG,27.0,78.0,32.0,17.4,1.6,3.8,0.425,0.8,2.1,0.385,0.5,0.9,0.594,1.0,1.5,2.6,0.9,0.8,0.2,0.5,1.4,4.5,0.531
Craig Porter Jr.,portecr01,CLE,PG,25.0,64.0,3.0,17.9,1.8,4.0,0.45,0.5,1.5,0.355,0.4,0.6,0.6,1.3,2.1,3.4,3.2,0.9,0.6,0.9,1.1,4.5,0.514
Mike Conley,conlemi01,MIN,PG,38.0,54.0,15.0,18.4,1.3,4.0,0.335,1.0,3.1,0.337,0.8,0.9,0.9,0.3,1.4,1.7,2.9,0.6,0.3,0.6,1.6,4.5,0.465
Moussa Cisse,cissemo01,DAL,C,23.0,38.0,1.0,13.9,1.7,3.0,0.574,0.0,0.0,,1.0,2.1,0.469,2.3,3.3,5.7,0.2,0.5,1.2,0.8,1.9,4.5,0.574
Taelon Peter,peterta01,IND,SG,23.0,38.0,0.0,12.9,1.6,4.2,0.38,1.1,3.3,0.328,0.3,0.4,0.625,0.3,1.3,1.6,1.1,0.7,0.1,0.7,1.0,4.5,0.509
PJ Hall,hallpj01,2TM,C,23.0,19.0,2.0,11.3,1.6,3.1,0.508,0.2,0.3,0.6,1.2,1.5,0.793,1.7,2.2,3.9,0.5,0.2,0.5,0.8,1.2,4.5,0.534
Mouhamed Gueye,gueyemo02,ATL,PF,23.0,77.0,8.0,15.3,1.7,3.8,0.452,0.5,1.7,0.308,0.5,0.8,0.645,1.2,2.4,3.6,0.9,0.8,0.5,0.4,1.6,4.4,0.521
Jarred Vanderbilt,vandeja01,LAL,PF,26.0,65.0,3.0,17.4,1.7,3.7,0.471,0.4,1.5,0.293,0.5,0.9,0.589,1.2,3.3,4.5,1.3,0.8,0.3,0.9,1.6,4.4,0.531
Tyler Kolek,kolekty01,NYK,PG,24.0,62.0,1.0,11.7,1.7,4.0,0.435,0.7,1.8,0.386,0.2,0.3,0.7,0.3,1.3,1.6,2.7,0.4,0.1,0.9,1.0,4.4,0.524
John Konchar,konchjo01,2TM,SG,29.0,56.0,8.0,19.9,1.7,3.6,0.472,0.5,1.8,0.283,0.6,0.8,0.727,1.3,3.0,4.3,2.1,1.5,0.7,0.6,1.4,4.4,0.543
Jase Richardson,richaja02,ORL,SG,20.0,54.0,0.0,10.9,1.6,3.5,0.473,0.5,1.5,0.354,0.6,0.9,0.717,0.4,0.8,1.2,1.1,0.4,0.0,0.5,1.0,4.4,0.548
Gabe Vincent,vincega01,2TM,PG,29.0,53.0,7.0,16.6,1.4,4.1,0.352,1.1,3.3,0.341,0.4,0.4,0.87,0.3,0.7,1.0,1.4,0.5,0.1,0.5,1.5,4.4,0.488
Kam Jones,joneska03,IND,SG,23.0,37.0,7.0,16.6,1.8,4.6,0.402,0.6,2.0,0.293,0.1,0.2,0.5,0.4,1.2,1.6,3.2,0.5,0.0,1.0,1.1,4.4,0.467
RayJ Dennis,dennira01,3TM,PG,24.0,17.0,0.0,12.1,1.5,4.9,0.313,0.8,2.6,0.311,0.5,0.5,0.889,0.5,1.1,1.5,1.9,0.2,0.2,1.0,1.2,4.4,0.398
DeAndre Jordan,jordade01,NOP,C,37.0,12.0,7.0,16.6,1.8,2.7,0.656,0.0,0.0,,0.9,1.4,0.647,2.2,4.2,6.3,0.9,0.3,0.8,0.8,1.3,4.4,0.656
Jeremiah Robinson-Earl,robinje02,DAL,PF,25.0,5.0,0.0,12.2,1.6,3.4,0.471,0.4,1.6,0.25,0.8,0.8,1.0,0.8,2.2,3.0,0.6,0.4,0.0,0.4,0.6,4.4,0.529
Jabari Walker,walkeja01,PHI,PF,23.0,64.0,6.0,11.9,1.5,3.3,0.455,0.5,1.5,0.337,0.8,1.1,0.735,1.1,1.9,3.0,0.5,0.4,0.2,0.4,1.6,4.3,0.531
Micah Peavy,peavymi01,NOP,SG,24.0,61.0,4.0,15.0,1.7,4.5,0.385,0.5,1.8,0.259,0.4,0.5,0.759,0.8,1.2,1.9,1.0,0.7,0.1,0.3,1.6,4.3,0.436
Josh Green,greenjo02,CHO,SG,25.0,58.0,0.0,15.7,1.4,3.1,0.459,1.0,2.4,0.42,0.4,0.5,0.893,0.8,1.0,1.8,0.8,0.6,0.1,0.6,1.1,4.3,0.619
Rasheer Fleming,flemira01,PHO,PF,21.0,55.0,1.0,12.2,1.6,3.9,0.405,0.8,2.4,0.346,0.3,0.6,0.559,1.0,1.2,2.3,0.3,0.4,0.4,0.5,1.2,4.3,0.509
Ochai Agbaji,agbajoc01,TOR,SG,25.0,42.0,13.0,15.5,1.7,4.0,0.424,0.3,1.5,0.185,0.6,0.7,0.862,0.8,1.5,2.3,0.7,0.4,0.3,0.5,1.8,4.3,0.459
Yanic Konan Niederhäuser,konanya01,LAC,C,22.0,41.0,0.0,10.3,1.6,2.4,0.64,0.0,0.1,0.2,1.1,1.5,0.758,0.9,2.0,2.9,0.3,0.1,0.7,0.6,1.6,4.3,0.645
Keshad Johnson,johnske10,MIA,SF,24.0,32.0,0.0,8.8,1.6,3.3,0.49,0.4,1.4,0.295,0.7,0.9,0.724,0.8,1.1,1.9,0.3,0.5,0.3,0.4,0.9,4.3,0.553
Liam McNeeley,mcneeli01,CHO,SF,20.0,31.0,0.0,11.9,1.2,3.1,0.4,0.8,1.9,0.4,1.0,1.3,0.821,0.4,1.9,2.4,0.8,0.2,0.1,0.4,1.2,4.3,0.526
Dereck Lively II,livelde01,DAL,C,21.0,7.0,4.0,16.4,1.6,2.6,0.611,0.0,0.0,,1.1,1.4,0.8,2.0,3.3,5.3,1.9,0.6,1.6,1.4,3.0,4.3,0.611
Riley Minix,minixri01,CLE,SF,25.0,6.0,0.0,8.3,1.7,2.8,0.588,0.5,1.5,0.333,0.5,0.5,1.0,0.2,0.5,0.7,0.7,0.2,0.2,0.5,0.7,4.3,0.676
Keshon Gilbert,gilbeke01,2TM,SG,22.0,4.0,0.0,18.5,1.3,3.0,0.417,0.0,0.8,0.0,1.8,1.8,1.0,0.5,0.8,1.3,3.0,0.8,1.0,2.0,1.3,4.3,0.417
Grant Nelson,nelsogr02,BRK,PF,23.0,4.0,0.0,8.8,1.3,2.3,0.556,0.0,0.0,,1.8,2.5,0.7,0.3,1.3,1.5,1.3,0.3,1.3,1.0,1.5,4.3,0.556
Skal Labissière,labissk01,WAS,PF,29.0,3.0,0.0,12.7,2.0,3.3,0.6,0.3,1.7,0.2,0.0,0.0,,1.0,2.0,3.0,1.0,0.7,0.3,0.3,1.0,4.3,0.65
Carter Bryant,bryanca01,SAS,PF,20.0,71.0,0.0,11.5,1.5,3.7,0.408,0.7,2.2,0.335,0.4,0.6,0.714,0.5,2.0,2.5,0.7,0.2,0.3,0.5,1.3,4.2,0.506
Dalton Knecht,knechda01,LAL,SF,24.0,54.0,1.0,10.2,1.6,3.5,0.455,0.7,2.1,0.342,0.3,0.4,0.727,0.3,1.1,1.4,0.4,0.2,0.2,0.4,0.8,4.2,0.555
Trayce Jackson-Davis,jackstr02,GSW,C,25.0,36.0,1.0,11.4,1.7,2.8,0.588,0.0,0.0,1.0,0.8,1.4,0.558,1.3,1.8,3.1,0.9,0.4,0.5,0.5,1.1,4.2,0.593
Ron Harper Jr.,harpero02,BOS,SF,25.0,29.0,3.0,11.0,1.6,3.8,0.418,1.0,2.8,0.35,0.1,0.1,0.75,0.5,1.1,1.7,0.8,0.3,0.3,0.3,0.7,4.2,0.545
A.J. Lawson,lawsoaj01,TOR,SG,25.0,24.0,0.0,9.4,1.4,3.3,0.436,0.8,1.9,0.422,0.6,0.8,0.778,0.4,1.4,1.8,0.3,0.5,0.2,0.3,1.1,4.2,0.558
Jeremy Sochan,sochaje01,SAS,PF,22.0,28.0,0.0,12.8,1.7,3.5,0.475,0.3,1.3,0.257,0.4,0.6,0.688,0.9,1.7,2.6,1.0,0.4,0.2,0.6,1.8,4.1,0.52
Dalen Terry,terryda01,PHI,SG,23.0,14.0,0.0,12.4,1.6,3.8,0.434,0.4,1.4,0.25,0.5,0.9,0.538,0.5,1.1,1.6,1.6,0.5,0.3,0.4,1.1,4.1,0.481
Tristan Enaruna,enarutr01,CLE,SF,24.0,9.0,0.0,9.4,1.6,3.1,0.5,0.3,1.1,0.3,0.7,0.9,0.75,0.8,0.8,1.6,0.8,0.6,0.0,0.3,0.3,4.1,0.554
Nicolas Batum,batumni01,LAC,PF,37.0,74.0,6.0,17.5,1.3,3.2,0.403,1.2,3.1,0.404,0.1,0.1,0.818,0.3,2.2,2.5,0.9,0.6,0.3,0.5,1.4,4.0,0.597
Jaylen Clark,clarkja02,MIN,SG,24.0,68.0,1.0,13.1,1.5,3.4,0.434,0.5,1.5,0.327,0.6,1.0,0.657,0.8,1.0,1.8,0.6,0.7,0.1,0.3,1.3,4.0,0.507
Tony Bradley,bradlto01,2TM,C,28.0,41.0,4.0,11.0,1.6,2.9,0.547,0.0,0.1,0.5,0.8,1.0,0.744,1.5,1.4,2.8,0.5,0.1,0.2,0.4,1.5,4.0,0.556
Tony Bradley,bradlto01,IND,C,28.0,38.0,3.0,10.9,1.6,2.8,0.557,0.0,0.1,0.5,0.8,1.1,0.744,1.5,1.3,2.8,0.5,0.2,0.2,0.4,1.6,4.0,0.561
Brandon Clarke,clarkbr01,MEM,PF,29.0,2.0,2.0,10.0,1.5,4.5,0.333,0.0,0.0,,1.0,2.0,0.5,2.0,1.0,3.0,0.5,1.0,0.0,0.0,2.5,4.0,0.333
Hugo González,gonzahu01,BOS,SF,19.0,74.0,3.0,14.6,1.6,3.3,0.476,0.6,1.6,0.362,0.2,0.4,0.5,0.8,2.5,3.3,0.5,0.6,0.3,0.5,1.7,3.9,0.561
Caleb Martin,martica02,DAL,SF,30.0,58.0,12.0,14.8,1.5,3.3,0.45,0.3,1.0,0.351,0.6,1.1,0.607,0.5,2.0,2.5,1.4,0.7,0.3,0.7,1.5,3.9,0.503
Joan Beringer,berinjo01,MIN,PF,19.0,40.0,3.0,7.9,1.6,2.5,0.663,0.0,0.0,,0.7,0.9,0.703,1.1,1.2,2.3,0.3,0.2,0.7,0.3,1.2,3.9,0.663
Gabe Vincent,vincega01,ATL,PG,29.0,24.0,0.0,13.3,1.3,3.6,0.36,0.9,2.9,0.3,0.4,0.5,0.833,0.4,0.7,1.1,1.6,0.5,0.1,0.6,1.1,3.9,0.483
AJ Johnson,johnsaj01,DAL,SG,21.0,23.0,0.0,10.4,1.3,4.0,0.323,0.2,1.4,0.156,1.1,1.2,0.893,0.3,0.8,1.0,1.1,0.2,0.1,0.5,0.7,3.9,0.349
Riley Minix,minixri01,2TM,SF,25.0,9.0,0.0,6.4,1.6,2.6,0.609,0.4,1.3,0.333,0.3,0.3,1.0,0.2,0.4,0.7,0.6,0.2,0.1,0.3,0.6,3.9,0.696
Tyus Jones,jonesty01,DAL,PG,29.0,8.0,2.0,16.6,1.6,4.3,0.382,0.5,2.4,0.211,0.1,0.3,0.5,0.1,1.0,1.1,3.8,0.4,0.0,0.6,0.6,3.9,0.441
Clint Capela,capelca01,HOU,C,31.0,75.0,3.0,12.3,1.6,3.0,0.52,0.0,0.0,0.5,0.6,1.0,0.577,2.1,2.5,4.6,0.7,0.5,0.8,0.5,1.0,3.8,0.522
Noah Penda,pendano01,ORL,SF,21.0,59.0,2.0,12.8,1.4,3.4,0.404,0.5,1.6,0.323,0.6,0.8,0.688,1.1,2.0,3.2,1.2,0.5,0.3,0.7,1.2,3.8,0.478
Koby Brea,breako01,PHO,SG,23.0,12.0,0.0,7.0,1.3,3.0,0.417,1.1,2.5,0.433,0.2,0.2,1.0,0.1,0.6,0.7,0.8,0.1,0.0,0.3,0.5,3.8,0.597
Omer Yurtseven,yurtsom01,GSW,C,27.0,9.0,0.0,11.6,1.2,2.9,0.423,0.0,0.4,0.0,1.3,2.0,0.667,1.4,1.9,3.3,0.9,0.2,0.1,1.0,1.7,3.8,0.423
Patrick Baldwin Jr.,baldwpa01,SAC,SF,23.0,6.0,1.0,14.7,1.3,3.8,0.348,0.7,1.8,0.364,0.5,0.8,0.6,2.0,1.5,3.5,0.8,0.5,0.8,0.7,2.2,3.8,0.435
Zeke Nnaji,nnajize01,DEN,PF,25.0,52.0,4.0,12.0,1.4,2.9,0.47,0.3,1.0,0.259,0.7,0.8,0.773,0.6,2.0,2.6,0.6,0.3,0.5,0.5,1.4,3.7,0.517
Dalen Terry,terryda01,2TM,SG,23.0,48.0,0.0,11.5,1.4,3.2,0.439,0.5,1.4,0.364,0.3,0.6,0.533,0.5,1.3,1.8,1.4,0.6,0.3,0.5,1.0,3.7,0.516
Larry Nance Jr.,nancela02,CLE,PF,33.0,35.0,3.0,12.8,1.5,3.5,0.419,0.6,1.8,0.333,0.2,0.4,0.462,0.8,1.8,2.7,1.0,0.6,0.2,0.6,1.6,3.7,0.504
Ousmane Dieng,diengou01,OKC,C,22.0,27.0,0.0,10.9,1.4,3.4,0.418,0.7,1.8,0.367,0.2,0.2,1.0,0.3,1.3,1.6,1.0,0.1,0.3,0.3,0.8,3.7,0.516
DaRon Holmes,holmeda01,DEN,PF,23.0,25.0,6.0,8.4,1.2,2.4,0.508,0.8,1.8,0.444,0.4,0.6,0.786,0.3,1.1,1.4,0.6,0.0,0.2,0.5,0.8,3.7,0.672
Tolu Smith,smithto05,DET,PF,25.0,15.0,0.0,9.1,1.2,2.4,0.5,0.0,0.0,,1.3,2.0,0.667,1.5,1.8,3.3,0.9,0.1,0.4,0.5,1.5,3.7,0.5
Patrick Baldwin Jr.,baldwpa01,3TM,SF,23.0,9.0,1.0,11.3,1.2,3.0,0.407,0.7,1.6,0.429,0.6,0.8,0.714,1.3,1.2,2.6,0.6,0.3,0.6,0.6,1.7,3.7,0.519
Tony Bradley,bradlto01,ATL,C,28.0,3.0,1.0,11.3,1.7,3.7,0.455,0.3,0.7,0.5,0.0,0.0,,1.3,1.7,3.0,0.7,0.0,0.0,0.3,0.7,3.7,0.5
Mohamed Diawara,diawamo01,NYK,SF,20.0,69.0,7.0,9.2,1.3,3.1,0.423,0.7,1.9,0.369,0.3,0.3,0.75,0.2,1.1,1.4,0.8,0.2,0.1,0.4,0.7,3.6,0.535
Myron Gardner,gardnmy01,MIA,SF,24.0,45.0,7.0,9.1,1.3,2.7,0.48,0.6,1.4,0.406,0.4,0.6,0.731,0.9,1.8,2.7,1.0,0.4,0.2,0.4,1.7,3.6,0.585
Jeremy Sochan,sochaje01,2TM,PF,22.0,44.0,0.0,10.7,1.5,2.9,0.496,0.3,1.0,0.244,0.4,0.6,0.731,0.8,1.6,2.4,0.9,0.4,0.2,0.5,1.4,3.6,0.539
Keaton Wallace,wallake01,ATL,PG,26.0,53.0,3.0,10.1,1.3,3.2,0.398,0.7,1.9,0.373,0.2,0.3,0.667,0.1,1.0,1.1,1.8,0.5,0.1,0.5,0.9,3.5,0.509
Rob Dillingham,dilliro01,MIN,PG,21.0,35.0,0.0,9.3,1.3,4.0,0.333,0.3,0.9,0.364,0.4,0.6,0.75,0.1,1.0,1.2,1.7,0.5,0.1,1.0,1.0,3.5,0.376
Dalen Terry,terryda01,CHI,SG,23.0,34.0,0.0,11.1,1.3,3.0,0.441,0.6,1.4,0.413,0.3,0.5,0.529,0.6,1.3,1.9,1.3,0.6,0.3,0.6,1.0,3.5,0.534
Olivier Sarr,sarrol01,CLE,C,26.0,4.0,0.0,9.8,1.3,1.8,0.714,0.5,0.8,0.667,0.5,1.3,0.4,0.5,2.3,2.8,1.3,0.5,0.8,0.5,2.3,3.5,0.857
Charles Bassey,bassech01,MEM,C,25.0,2.0,0.0,15.5,1.5,4.0,0.375,0.0,0.0,,0.5,1.5,0.333,3.5,4.0,7.5,1.0,0.5,0.5,0.5,2.5,3.5,0.375
Trayce Jackson-Davis,jackstr02,2TM,C,25.0,53.0,1.0,9.4,1.3,2.3,0.573,0.0,0.0,1.0,0.7,1.4,0.514,1.2,1.5,2.7,0.7,0.3,0.5,0.4,0.8,3.4,0.577
Drew Timme,timmedr01,LAL,PF,25.0,27.0,1.0,8.7,1.4,2.4,0.576,0.4,0.9,0.44,0.2,0.3,0.556,0.4,0.9,1.2,0.9,0.2,0.0,0.5,0.7,3.4,0.659
Yuki Kawamura,kawamyu01,CHI,PG,24.0,18.0,0.0,11.6,0.9,2.9,0.327,0.6,2.1,0.297,0.9,1.1,0.895,0.4,1.4,1.8,2.6,0.5,0.0,0.8,0.8,3.4,0.433
Taj Gibson,gibsota01,MEM,C,40.0,10.0,1.0,9.7,1.2,2.6,0.462,0.3,0.6,0.5,0.7,0.8,0.875,1.1,1.6,2.7,0.6,0.2,0.1,0.1,1.4,3.4,0.519
Dwight Powell,poweldw01,DAL,C,34.0,63.0,12.0,14.3,1.0,1.6,0.644,0.0,0.1,0.286,1.2,1.8,0.696,1.5,2.6,4.1,1.1,0.5,0.3,0.7,2.1,3.3,0.653
AJ Johnson,johnsaj01,2TM,SG,21.0,48.0,0.0,9.5,1.2,3.7,0.324,0.3,1.2,0.211,0.7,0.8,0.85,0.3,0.9,1.1,1.0,0.2,0.1,0.6,0.6,3.3,0.358
Dorian Finney-Smith,finnedo01,HOU,PF,32.0,37.0,1.0,16.8,1.2,3.6,0.333,0.7,2.7,0.27,0.2,0.2,0.889,0.9,1.6,2.5,1.0,0.4,0.2,0.6,1.6,3.3,0.436
Malevy Leons,leonsma01,GSW,SF,26.0,25.0,2.0,11.0,1.3,2.9,0.444,0.2,0.6,0.25,0.6,0.8,0.789,1.2,0.9,2.1,0.9,0.6,0.4,0.5,1.2,3.3,0.472
Enrique Freeman,freemen01,MIN,PF,25.0,4.0,0.0,9.3,1.0,2.0,0.5,0.5,1.0,0.5,0.8,1.0,0.75,0.5,2.0,2.5,0.5,0.5,0.8,0.5,1.3,3.3,0.625
James Wiseman,wisemja01,IND,C,24.0,4.0,1.0,14.5,1.5,2.5,0.6,0.0,0.0,,0.3,0.5,0.5,1.3,0.8,2.0,0.8,0.0,0.3,1.3,2.5,3.3,0.6
RayJ Dennis,dennira01,ATL,PG,24.0,3.0,0.0,11.3,1.3,3.7,0.364,0.7,2.3,0.286,0.0,0.0,,0.0,1.0,1.0,2.3,0.3,0.0,0.7,1.7,3.3,0.455
Isaiah Stevens,steveis01,SAC,PG,25.0,3.0,0.0,14.3,1.0,2.3,0.429,0.0,0.3,0.0,1.3,1.3,1.0,0.7,0.3,1.0,3.3,1.7,0.0,0.7,0.7,3.3,0.429
Amir Coffey,coffeam01,2TM,SG,28.0,46.0,3.0,10.7,1.2,2.5,0.487,0.4,1.1,0.347,0.5,0.6,0.786,0.4,0.8,1.2,0.6,0.2,0.1,0.2,0.7,3.2,0.562
Kelly Olynyk,olynyke01,SAS,C,34.0,42.0,0.0,8.6,1.1,2.3,0.49,0.3,1.1,0.255,0.6,0.9,0.711,0.6,1.2,1.8,1.2,0.4,0.1,0.6,0.9,3.2,0.552
John Konchar,konchjo01,MEM,SG,29.0,30.0,1.0,14.5,1.2,2.4,0.521,0.4,1.3,0.333,0.3,0.4,0.615,0.7,2.4,3.1,1.3,1.0,0.4,0.5,1.0,3.2,0.613
Nick Richards,richani01,PHO,C,28.0,28.0,2.0,9.1,1.3,2.5,0.493,0.0,0.0,,0.7,1.0,0.679,1.3,2.0,3.3,0.3,0.1,0.5,0.9,1.4,3.2,0.493
Julian Phillips,phillju01,MIN,SF,22.0,13.0,0.0,7.2,1.1,2.5,0.424,0.3,1.2,0.25,0.7,0.9,0.75,0.1,0.3,0.4,0.2,0.4,0.1,0.3,0.8,3.2,0.485
Alex Antetokounmpo,antetal01,MIL,SF,24.0,6.0,0.0,3.5,0.5,1.3,0.375,0.3,1.2,0.286,1.8,2.5,0.733,0.3,0.7,1.0,0.2,0.0,0.2,0.2,0.2,3.2,0.5
Jamison Battle,battlja01,TOR,SF,24.0,61.0,2.0,8.5,1.2,2.4,0.51,0.6,1.4,0.412,0.1,0.2,0.643,0.3,1.1,1.5,0.4,0.1,0.0,0.3,0.7,3.1,0.631
Miles Kelly,kellymi02,DAL,PG,23.0,14.0,0.0,9.6,1.1,3.1,0.364,0.7,2.4,0.303,0.1,0.1,1.0,0.4,1.4,1.7,0.9,0.3,0.1,0.4,0.9,3.1,0.477
Christian Koloko,kolokch01,ATL,C,25.0,14.0,2.0,11.1,1.2,2.8,0.436,0.1,0.6,0.125,0.6,0.8,0.818,0.9,1.7,2.6,0.6,0.3,0.7,0.6,1.9,3.1,0.449
Mark Sears,searsma01,MIL,PG,23.0,7.0,0.0,3.7,0.9,1.9,0.462,0.6,1.1,0.5,0.9,1.1,0.75,0.1,0.1,0.3,0.3,0.0,0.0,0.6,0.6,3.1,0.615
Tyus Jones,jonesty01,3TM,PG,29.0,67.0,12.0,14.6,1.1,3.3,0.349,0.6,2.0,0.292,0.1,0.1,0.778,0.2,1.0,1.1,2.4,0.6,0.0,0.4,0.5,3.0,0.44
Tyus Jones,jonesty01,ORL,PG,29.0,48.0,8.0,15.7,1.1,3.3,0.342,0.6,2.1,0.294,0.1,0.1,1.0,0.2,0.9,1.1,2.4,0.7,0.1,0.3,0.5,3.0,0.437
Khaman Maluach,maluakh01,PHO,C,19.0,46.0,1.0,8.9,1.2,2.3,0.533,0.1,0.5,0.238,0.5,0.7,0.71,1.1,1.8,2.9,0.1,0.1,0.7,0.5,0.9,3.0,0.557
Monte Morris,morrimo01,IND,PG,30.0,6.0,0.0,10.8,1.2,3.3,0.35,0.3,1.3,0.25,0.3,0.7,0.5,0.2,1.0,1.2,1.5,0.2,0.2,0.3,0.5,3.0,0.4
Emanuel Miller,milleem01,CHI,PF,25.0,5.0,0.0,6.6,1.2,2.6,0.462,0.4,1.2,0.333,0.2,0.4,0.5,0.2,0.4,0.6,0.8,0.4,0.0,0.0,0.4,3.0,0.538
CJ Huntley,huntlcj01,PHO,SF,24.0,4.0,0.0,10.0,1.5,2.8,0.545,0.0,0.8,0.0,0.0,0.0,,0.5,0.8,1.3,0.5,0.3,0.0,0.0,0.5,3.0,0.545
Riley Minix,minixri01,SAS,SF,25.0,3.0,0.0,2.7,1.3,2.0,0.667,0.3,1.0,0.333,0.0,0.0,,0.3,0.3,0.7,0.3,0.3,0.0,0.0,0.3,3.0,0.75
Chris Livingston,livinch01,CLE,SF,22.0,3.0,0.0,5.7,1.3,2.3,0.571,0.0,1.0,0.0,0.3,0.3,1.0,0.0,1.0,1.0,0.3,0.3,0.0,0.0,1.3,3.0,0.571
Chris Youngblood,youngch01,POR,SG,23.0,2.0,0.0,5.5,1.0,1.5,0.667,1.0,1.5,0.667,0.0,0.0,,0.0,0.0,0.0,0.5,0.0,0.0,0.0,1.0,3.0,1.0
Dalano Banton,bantoda01,LAC,PG,26.0,2.0,0.0,5.0,1.5,2.0,0.75,0.0,0.0,,0.0,0.0,,0.5,0.0,0.5,1.0,0.5,0.0,0.5,0.0,3.0,0.75
Rayan Rupert,ruperra01,POR,SG,21.0,48.0,0.0,12.0,1.1,3.1,0.361,0.5,1.5,0.31,0.2,0.3,0.643,0.5,1.3,1.8,0.7,0.6,0.0,0.6,1.3,2.9,0.435
Julian Phillips,phillju01,2TM,SF,22.0,48.0,2.0,8.9,1.1,2.5,0.421,0.4,1.4,0.308,0.4,0.5,0.783,0.5,0.5,1.0,0.2,0.5,0.1,0.2,0.9,2.9,0.504
Bronny James,jamesbr02,LAL,SG,21.0,42.0,1.0,8.9,1.1,2.7,0.409,0.5,1.4,0.386,0.1,0.2,0.857,0.1,0.4,0.5,1.2,0.5,0.1,0.6,0.7,2.9,0.504
Kobe Brown,brownko01,LAC,PF,26.0,34.0,0.0,8.7,1.0,2.5,0.393,0.4,1.4,0.265,0.6,0.8,0.808,0.5,1.0,1.6,0.8,0.3,0.1,0.4,0.5,2.9,0.47
Duop Reath,reathdu01,POR,C,29.0,32.0,0.0,8.1,1.0,2.3,0.446,0.7,1.7,0.418,0.2,0.2,0.833,0.3,0.9,1.2,0.3,0.2,0.3,0.2,0.9,2.9,0.601
Kobe Bufkin,bufkiko01,LAL,SG,22.0,16.0,1.0,7.4,0.9,3.1,0.3,0.3,1.6,0.192,0.7,0.8,0.917,0.1,0.8,0.8,0.6,0.1,0.2,0.3,0.6,2.9,0.35
Chris Paul,paulch01,LAC,PG,40.0,16.0,0.0,14.3,1.1,3.5,0.321,0.6,1.9,0.333,0.1,0.1,0.5,0.4,1.4,1.8,3.3,0.7,0.0,1.0,1.4,2.9,0.411
David Jones García,jonesda06,SAS,SF,24.0,11.0,0.0,6.2,1.2,2.3,0.52,0.3,0.5,0.6,0.3,0.5,0.5,0.4,0.8,1.2,1.6,0.5,0.1,0.5,0.5,2.9,0.58
Curtis Jones,jonescu01,DEN,SG,24.0,10.0,0.0,8.8,1.1,2.7,0.407,0.6,1.8,0.333,0.1,0.2,0.5,0.2,0.9,1.1,1.0,0.4,0.0,0.2,0.6,2.9,0.519
Cam Christie,chrisca02,LAC,SG,20.0,55.0,0.0,8.7,1.0,2.5,0.381,0.2,0.9,0.245,0.7,0.9,0.76,0.3,1.1,1.4,0.6,0.3,0.1,0.4,0.3,2.8,0.424
Jae'Sean Tate,tateja01,HOU,SF,30.0,46.0,1.0,8.8,1.2,2.4,0.514,0.2,0.7,0.313,0.2,0.2,0.636,0.7,0.9,1.6,0.5,0.2,0.1,0.3,1.0,2.8,0.56
Julian Phillips,phillju01,CHI,SF,22.0,35.0,2.0,9.5,1.1,2.5,0.42,0.5,1.4,0.327,0.3,0.3,0.818,0.6,0.6,1.3,0.2,0.5,0.2,0.2,0.9,2.8,0.511
AJ Johnson,johnsaj01,WAS,SG,21.0,25.0,0.0,8.6,1.1,3.3,0.325,0.3,1.0,0.28,0.4,0.5,0.75,0.3,0.9,1.2,0.9,0.3,0.0,0.7,0.6,2.8,0.367
Kevon Looney,looneke01,NOP,C,29.0,21.0,8.0,14.7,1.2,2.9,0.417,0.1,0.6,0.154,0.3,0.5,0.7,2.3,3.3,5.6,1.6,0.4,0.5,0.4,1.6,2.8,0.433
Jeremy Sochan,sochaje01,NYK,PF,22.0,16.0,0.0,6.9,1.1,1.9,0.567,0.1,0.6,0.2,0.5,0.6,0.8,0.7,1.4,2.1,0.8,0.4,0.1,0.2,0.8,2.8,0.6
Norchad Omier,omierno01,LAC,PF,24.0,6.0,0.0,4.0,1.2,1.7,0.7,0.0,0.2,0.0,0.5,0.5,1.0,0.7,0.5,1.2,0.3,0.2,0.0,0.0,0.7,2.8,0.7
Charles Bassey,bassech01,BOS,C,25.0,5.0,0.0,3.4,1.2,1.4,0.857,0.0,0.0,,0.4,0.8,0.5,0.8,0.4,1.2,0.0,0.2,0.4,0.2,0.6,2.8,0.857
Rocco Zikarsky,zikarro01,MIN,C,19.0,5.0,0.0,7.2,1.0,1.6,0.625,0.0,0.0,,0.8,0.8,1.0,0.4,2.4,2.8,0.4,0.0,1.0,0.2,0.6,2.8,0.625
Gary Harris,harriga01,MIL,SG,31.0,48.0,2.0,13.8,1.0,2.2,0.442,0.6,1.4,0.412,0.2,0.2,0.889,0.3,0.9,1.3,1.1,0.6,0.2,0.4,1.1,2.7,0.577
Guerschon Yabusele,yabusgu01,NYK,C,30.0,41.0,0.0,8.9,1.0,2.6,0.393,0.5,1.7,0.294,0.2,0.3,0.667,0.6,1.5,2.1,0.4,0.1,0.1,0.4,0.9,2.7,0.486
Christian Koloko,kolokch01,3TM,C,25.0,27.0,4.0,13.2,1.1,2.7,0.419,0.0,0.3,0.111,0.4,0.6,0.667,1.1,1.9,3.0,0.7,0.5,0.9,0.6,1.8,2.7,0.426
Antonio Reeves,reevean01,CHO,SG,25.0,10.0,0.0,6.8,1.0,2.0,0.5,0.7,1.3,0.538,0.0,0.0,,0.2,0.6,0.8,0.3,0.1,0.0,0.1,0.3,2.7,0.675
Jonathan Isaac,isaacjo01,ORL,PF,28.0,52.0,0.0,10.0,0.9,2.1,0.422,0.1,0.7,0.184,0.7,1.1,0.603,0.8,1.7,2.5,0.4,0.4,0.6,0.3,0.8,2.6,0.454
Pat Connaughton,connapa01,CHO,SG,33.0,42.0,0.0,7.1,0.9,2.0,0.447,0.5,1.2,0.404,0.3,0.5,0.65,0.4,1.1,1.5,0.4,0.3,0.0,0.3,0.2,2.6,0.571
Christian Koloko,kolokch01,MEM,C,25.0,11.0,2.0,17.7,1.3,3.2,0.4,0.0,0.1,0.0,0.1,0.4,0.25,1.7,2.3,4.0,0.9,0.9,1.2,0.6,1.8,2.6,0.4
JD Davison,davisjd01,HOU,PG,23.0,28.0,0.0,7.8,0.9,2.3,0.375,0.3,1.1,0.25,0.5,0.7,0.684,0.1,1.1,1.2,1.3,0.2,0.2,0.3,0.6,2.5,0.438
John Tonje,tonjejo01,BOS,SG,24.0,6.0,0.0,7.0,0.7,2.3,0.286,0.5,1.7,0.3,0.7,0.7,1.0,0.0,1.0,1.0,0.3,0.3,0.0,0.0,0.8,2.5,0.393
Mo Bamba,bambamo01,2TM,C,27.0,4.0,0.0,11.0,1.3,2.8,0.455,0.0,0.0,,0.0,0.0,,2.5,3.0,5.5,0.3,0.0,0.8,0.5,1.5,2.5,0.455
Andre Jackson Jr.,jacksan01,MIL,SG,24.0,48.0,1.0,8.5,0.8,2.5,0.328,0.3,1.3,0.25,0.4,0.7,0.625,0.5,1.0,1.5,0.9,0.4,0.1,0.6,0.9,2.4,0.391
Lindy Waters III,waterli01,SAS,SG,28.0,40.0,0.0,7.1,0.8,2.2,0.375,0.7,2.0,0.342,0.1,0.1,0.667,0.1,0.7,0.7,0.5,0.2,0.0,0.2,0.6,2.4,0.528
Lachlan Olbrich,olbrila01,CHI,C,22.0,37.0,2.0,9.3,1.0,2.1,0.468,0.1,0.5,0.105,0.4,1.1,0.375,1.2,1.8,3.0,1.1,0.3,0.2,0.4,1.3,2.4,0.481
Chaz Lanier,laniech01,DET,SG,24.0,34.0,0.0,7.7,0.8,2.6,0.315,0.6,2.0,0.284,0.1,0.2,0.833,0.2,0.4,0.7,0.5,0.2,0.0,0.1,0.4,2.4,0.421
Amir Coffey,coffeam01,MIL,SG,28.0,30.0,2.0,8.8,0.9,1.8,0.473,0.2,0.8,0.28,0.4,0.5,0.867,0.2,0.7,0.9,0.4,0.1,0.1,0.1,0.5,2.4,0.536
Kevin McCullar Jr.,mcculke01,NYK,SF,24.0,21.0,0.0,7.4,1.0,2.2,0.426,0.4,1.1,0.333,0.1,0.2,0.4,0.5,0.8,1.3,1.0,0.4,0.0,0.6,1.0,2.4,0.511
Hunter Dickinson,dickihu01,NOP,C,25.0,5.0,0.0,8.4,1.0,2.8,0.357,0.0,0.8,0.0,0.4,0.4,1.0,0.4,0.6,1.0,0.4,0.2,0.4,0.6,1.2,2.4,0.357
Leonard Miller,millele01,MIN,SF,22.0,19.0,0.0,5.0,0.9,1.7,0.545,0.1,0.6,0.083,0.4,0.6,0.636,0.4,0.9,1.3,0.3,0.2,0.0,0.5,0.6,2.3,0.561
Caleb Houstan,houstca01,ATL,SF,23.0,18.0,0.0,4.2,0.8,1.4,0.538,0.6,1.2,0.524,0.2,0.2,1.0,0.3,0.3,0.6,0.2,0.1,0.1,0.2,0.6,2.3,0.75
Luke Travers,travelu01,CLE,SG,24.0,12.0,0.0,8.6,0.8,3.0,0.25,0.1,1.3,0.063,0.8,0.8,1.0,0.8,1.3,2.0,0.8,0.6,0.3,0.3,0.5,2.3,0.264
Chris Boucher,bouchch01,BOS,PF,33.0,9.0,0.0,10.4,0.9,2.8,0.32,0.2,1.7,0.133,0.3,0.4,0.75,0.2,1.8,2.0,0.3,0.6,0.8,0.1,1.9,2.3,0.36
Ariel Hukporti,hukpoar01,NYK,C,23.0,54.0,5.0,9.2,0.8,1.5,0.563,0.0,0.1,0.25,0.5,0.6,0.788,1.0,1.9,2.9,0.5,0.2,0.5,0.6,1.2,2.2,0.569
Yang Hansen,yangha01,POR,C,20.0,43.0,1.0,7.0,0.7,2.3,0.31,0.1,1.0,0.119,0.7,0.8,0.824,0.5,1.1,1.5,0.5,0.1,0.2,0.7,1.0,2.2,0.335
Jeff Green,greenje02,HOU,PF,39.0,30.0,0.0,5.8,0.8,2.3,0.368,0.4,1.5,0.273,0.2,0.2,1.0,0.2,0.6,0.8,0.3,0.1,0.1,0.1,0.4,2.2,0.456
Alijah Martin,martial01,TOR,SG,24.0,23.0,0.0,6.3,0.7,2.2,0.32,0.2,0.9,0.19,0.7,0.8,0.789,0.4,0.5,0.9,0.5,0.3,0.2,0.3,0.5,2.2,0.36
Hunter Tyson,tysonhu01,DEN,PF,25.0,21.0,2.0,7.7,0.7,2.5,0.269,0.3,1.6,0.212,0.5,0.6,0.846,0.2,1.5,1.7,0.8,0.1,0.0,0.2,0.6,2.2,0.337
Xavier Tillman Sr.,tillmxa01,BOS,C,27.0,14.0,1.0,7.9,1.0,2.2,0.452,0.2,1.1,0.2,0.0,0.0,,0.7,1.1,1.8,0.4,0.4,0.1,0.4,0.6,2.2,0.5
Tyus Jones,jonesty01,DEN,PG,29.0,11.0,2.0,8.4,0.8,2.4,0.346,0.5,1.5,0.375,0.0,0.1,0.0,0.2,1.1,1.3,1.2,0.1,0.0,0.5,0.1,2.2,0.462
Tyrese Martin,martity01,PHI,SG,26.0,9.0,0.0,9.0,1.0,2.4,0.409,0.2,1.4,0.154,0.0,0.2,0.0,0.2,0.9,1.1,1.0,0.3,0.2,0.8,0.3,2.2,0.455
Chris Youngblood,youngch01,2TM,SG,23.0,34.0,0.0,5.4,0.6,1.9,0.349,0.5,1.6,0.333,0.3,0.3,0.9,0.2,0.6,0.8,0.4,0.1,0.1,0.1,0.6,2.1,0.492
Jordan McLaughlin,mclaujo01,SAS,PG,29.0,44.0,0.0,6.4,0.8,1.8,0.418,0.4,0.9,0.425,0.1,0.2,0.857,0.2,0.6,0.7,0.9,0.5,0.0,0.3,0.3,2.0,0.525
Maxi Kleber,klebima01,LAL,PF,34.0,43.0,1.0,10.7,0.8,1.7,0.452,0.1,0.6,0.231,0.3,0.6,0.538,0.8,1.1,2.0,0.6,0.4,0.3,0.4,1.4,2.0,0.493
Chris Youngblood,youngch01,OKC,SG,23.0,32.0,0.0,5.4,0.6,1.9,0.333,0.5,1.6,0.314,0.3,0.3,0.9,0.2,0.7,0.9,0.3,0.1,0.1,0.1,0.6,2.0,0.467
Johnny Juzang,juzanjo01,MIN,SG,24.0,21.0,0.0,4.2,0.8,1.8,0.421,0.3,1.1,0.25,0.2,0.4,0.625,0.2,0.6,0.8,0.3,0.1,0.0,0.2,0.1,2.0,0.5
Isaiah Crawford,crawfis01,HOU,SF,24.0,14.0,0.0,6.6,0.7,1.7,0.417,0.2,0.9,0.231,0.4,0.4,0.833,0.2,0.9,1.1,0.4,0.1,0.2,0.3,0.3,2.0,0.479
Dalano Banton,bantoda01,2TM,PG,26.0,6.0,0.0,10.3,0.7,2.0,0.333,0.0,0.2,0.0,0.7,0.7,1.0,0.3,0.5,0.8,1.8,0.3,0.8,1.3,0.5,2.0,0.333
Jayson Kent,kentja01,POR,SF,23.0,5.0,0.0,4.4,0.8,1.4,0.571,0.2,0.8,0.25,0.2,0.2,1.0,0.0,1.0,1.0,0.0,0.2,0.2,0.0,0.2,2.0,0.643
Alex Morales,moralal01,ORL,PG,28.0,4.0,0.0,6.0,0.8,1.8,0.429,0.0,0.3,0.0,0.5,0.5,1.0,0.3,0.5,0.8,1.0,0.0,0.0,1.0,1.8,2.0,0.429
Keshon Gilbert,gilbeke01,WAS,PG,22.0,3.0,0.0,16.0,0.3,1.3,0.25,0.0,0.7,0.0,1.3,1.3,1.0,0.7,1.0,1.7,1.0,0.7,1.3,2.0,1.0,2.0,0.25
Trentyn Flowers,flowetr01,CHI,SF,20.0,2.0,0.0,3.0,1.0,1.5,0.667,0.0,0.5,0.0,0.0,0.0,,0.5,0.0,0.5,0.5,0.0,0.0,0.5,0.5,2.0,0.667
Charles Bassey,bassech01,PHI,C,25.0,1.0,0.0,5.0,1.0,1.0,1.0,0.0,0.0,,0.0,0.0,,0.0,0.0,0.0,0.0,0.0,1.0,0.0,0.0,2.0,1.0
Colby Jones,jonesco02,DET,SG,23.0,1.0,0.0,7.0,1.0,3.0,0.333,0.0,2.0,0.0,0.0,0.0,,0.0,4.0,4.0,2.0,0.0,0.0,0.0,1.0,2.0,0.333
Adou Thiero,thierad01,LAL,SF,21.0,25.0,0.0,6.0,0.6,1.2,0.516,0.0,0.1,0.333,0.6,0.9,0.636,0.4,0.8,1.1,0.4,0.3,0.1,0.4,0.8,1.9,0.532
Mason Plumlee,plumlma01,CHO,C,35.0,14.0,2.0,8.9,0.6,0.9,0.75,0.0,0.0,,0.6,0.9,0.667,0.7,2.1,2.9,1.1,0.4,0.0,0.6,0.7,1.9,0.75
PJ Hall,hallpj01,MEM,C,23.0,7.0,0.0,3.9,0.7,1.3,0.556,0.1,0.4,0.333,0.3,0.4,0.667,0.4,0.9,1.3,0.3,0.0,0.3,0.1,0.4,1.9,0.611
Sean Pedulla,pedulse01,LAC,PG,23.0,7.0,0.0,4.4,0.7,2.1,0.333,0.4,1.4,0.3,0.0,0.0,,0.0,0.4,0.4,0.7,0.0,0.0,0.1,0.6,1.9,0.433
Isaiah Livers,liveris01,PHO,PF,27.0,36.0,0.0,9.6,0.6,1.8,0.344,0.3,1.1,0.3,0.3,0.3,0.75,0.5,1.2,1.7,0.6,0.4,0.2,0.3,0.8,1.8,0.438
Trayce Jackson-Davis,jackstr02,TOR,C,25.0,17.0,0.0,5.0,0.6,1.3,0.5,0.0,0.0,,0.5,1.3,0.409,1.1,0.8,1.9,0.4,0.2,0.3,0.2,0.3,1.8,0.5
Jahmir Young,youngja05,MIA,PG,25.0,14.0,0.0,4.1,0.7,1.8,0.4,0.2,0.6,0.333,0.1,0.1,1.0,0.1,0.1,0.3,0.6,0.1,0.0,0.2,0.5,1.8,0.46
Bobi Klintman,klintbo01,DET,SF,22.0,12.0,0.0,5.9,0.8,2.3,0.333,0.3,1.1,0.308,0.0,0.3,0.0,0.4,1.2,1.6,0.5,0.3,0.0,0.5,0.9,1.8,0.407
Cody Martin,martico01,IND,SF,30.0,4.0,0.0,13.8,0.5,2.5,0.2,0.0,1.3,0.0,0.8,1.5,0.5,0.3,3.3,3.5,0.5,1.0,0.5,1.0,1.3,1.8,0.2
Orlando Robinson,robinor01,ORL,C,25.0,4.0,1.0,6.3,0.8,1.3,0.6,0.3,0.5,0.5,0.0,0.0,,0.5,0.5,1.0,0.8,0.3,0.0,0.0,0.8,1.8,0.7
Brooks Barnhizer,barnhbr01,OKC,SG,23.0,40.0,0.0,8.7,0.7,1.8,0.38,0.2,0.6,0.292,0.2,0.3,0.7,0.5,1.5,2.0,0.6,0.3,0.1,0.3,0.7,1.7,0.43
Pacôme Dadiet,dadiepa01,NYK,SG,20.0,29.0,0.0,4.7,0.6,1.7,0.333,0.2,1.1,0.219,0.3,0.4,0.818,0.1,0.8,0.9,0.4,0.1,0.0,0.1,0.3,1.7,0.406
Wendell Moore Jr.,moorewe01,DET,SG,24.0,6.0,0.0,10.0,0.7,1.2,0.571,0.0,0.2,0.0,0.3,0.3,1.0,0.2,0.8,1.0,0.7,0.3,0.3,0.2,0.5,1.7,0.571
Mason Plumlee,plumlma01,2TM,C,35.0,20.0,3.0,8.6,0.6,0.7,0.786,0.0,0.0,,0.5,0.7,0.643,0.9,1.8,2.7,1.0,0.5,0.0,0.6,0.9,1.6,0.786
Harrison Ingram,ingraha01,SAS,SF,23.0,7.0,0.0,3.7,0.7,0.9,0.833,0.1,0.1,1.0,0.0,0.0,,0.4,0.0,0.4,0.1,0.0,0.0,0.1,0.3,1.6,0.917
Jacob Toppin,toppija01,ATL,SF,25.0,5.0,0.0,3.4,0.8,1.2,0.667,0.0,0.0,,0.0,0.0,,0.0,0.2,0.2,0.2,0.0,0.2,0.0,0.2,1.6,0.667
Jonathan Mogbo,mogbojo01,TOR,PF,24.0,40.0,0.0,6.2,0.7,1.1,0.591,0.0,0.0,0.0,0.2,0.4,0.643,0.5,1.2,1.7,0.6,0.3,0.2,0.4,0.7,1.5,0.591
Xavier Tillman Sr.,tillmxa01,2TM,C,27.0,30.0,1.0,6.1,0.7,1.5,0.435,0.1,0.6,0.167,0.0,0.1,0.25,0.6,0.8,1.4,0.4,0.3,0.2,0.3,0.5,1.5,0.467
Joe Ingles,inglejo01,MIN,SF,38.0,27.0,2.0,5.7,0.6,1.0,0.593,0.3,0.6,0.438,0.1,0.1,1.0,0.0,0.7,0.7,1.3,0.3,0.1,0.5,0.3,1.5,0.722
Dalano Banton,bantoda01,BOS,PG,26.0,4.0,0.0,13.0,0.3,2.0,0.125,0.0,0.3,0.0,1.0,1.0,1.0,0.3,0.8,1.0,2.3,0.3,1.3,1.8,0.8,1.5,0.125
Buddy Boeheim,boehebu01,OKC,SF,26.0,4.0,0.0,3.8,0.5,1.5,0.333,0.5,1.5,0.333,0.0,0.0,,0.0,0.0,0.0,0.0,0.0,0.0,0.0,0.3,1.5,0.5
Isaac Jones,jonesis01,DET,PF,25.0,4.0,0.0,4.8,0.5,1.3,0.4,0.0,0.3,0.0,0.5,0.5,1.0,0.0,0.8,0.8,0.0,0.0,0.3,0.3,0.0,1.5,0.4
Thanasis Antetokounmpo,antetth01,MIL,SF,33.0,34.0,0.0,4.4,0.4,0.9,0.469,0.0,0.1,0.0,0.5,0.9,0.567,0.4,0.5,0.9,0.4,0.4,0.2,0.3,0.5,1.4,0.469
Amari Williams,william01,BOS,PF,24.0,22.0,2.0,6.6,0.5,0.9,0.5,0.0,0.0,,0.5,0.6,0.714,0.4,1.4,1.8,0.5,0.1,0.5,0.5,0.9,1.4,0.5
Nigel Hayes-Davis,hayesni01,PHO,SF,31.0,27.0,0.0,7.2,0.6,1.7,0.326,0.1,0.6,0.125,0.1,0.1,0.5,0.4,0.8,1.2,0.3,0.3,0.1,0.3,0.6,1.3,0.348
TyTy Washington Jr.,washity02,LAC,PG,24.0,16.0,0.0,5.5,0.6,1.2,0.474,0.2,0.5,0.375,0.0,0.0,,0.1,0.3,0.4,1.1,0.4,0.2,0.2,0.4,1.3,0.553
Isaac Jones,jonesis01,2TM,PF,25.0,7.0,1.0,5.1,0.4,1.0,0.429,0.0,0.3,0.0,0.4,0.6,0.75,0.3,0.4,0.7,0.1,0.0,0.1,0.1,0.6,1.3,0.429
Dillon Jones,jonesdi01,NYK,SF,24.0,7.0,0.0,5.6,0.3,1.3,0.222,0.1,0.7,0.2,0.6,0.6,1.0,0.3,0.7,1.0,0.6,0.4,0.0,0.0,0.9,1.3,0.278
Colin Castleton,castlco01,ORL,C,25.0,4.0,0.0,5.3,0.5,1.3,0.4,0.0,0.0,,0.3,0.3,1.0,0.5,1.5,2.0,0.3,0.3,0.0,0.5,0.5,1.3,0.4
Javonte Cooke,cookeja01,POR,SG,26.0,19.0,0.0,4.9,0.5,2.2,0.22,0.2,1.2,0.13,0.1,0.1,1.0,0.2,0.8,1.0,0.4,0.3,0.0,0.5,0.3,1.2,0.256
Kyle Lowry,lowryky01,PHI,PG,39.0,14.0,0.0,8.4,0.3,1.8,0.16,0.3,1.8,0.16,0.4,0.4,0.833,0.0,0.6,0.6,0.8,0.1,0.1,0.3,0.6,1.2,0.24
KJ Simpson,simpskj01,DEN,PG,23.0,6.0,0.0,5.7,0.5,1.7,0.3,0.0,0.2,0.0,0.2,0.3,0.5,0.7,0.7,1.3,1.3,0.2,0.0,0.2,0.7,1.2,0.3
Trey Jemison,jemistr01,NYK,C,26.0,13.0,0.0,6.3,0.5,0.8,0.6,0.0,0.0,,0.1,0.1,1.0,0.6,0.8,1.4,0.4,0.1,0.2,0.8,0.8,1.0,0.6
Trevor Keels,keelstr01,MIA,SG,22.0,8.0,0.0,1.9,0.4,1.5,0.25,0.3,1.1,0.222,0.0,0.0,,0.0,0.3,0.3,0.0,0.1,0.0,0.0,0.0,1.0,0.333
Hunter Sallis,sallihu01,PHI,SG,22.0,7.0,0.0,3.7,0.4,0.7,0.6,0.0,0.0,,0.1,0.3,0.5,0.0,0.1,0.1,0.6,0.0,0.1,0.7,0.3,1.0,0.6
Dario Šarić,saricda01,SAC,C,31.0,5.0,0.0,8.2,0.2,1.2,0.167,0.2,0.6,0.333,0.4,0.4,1.0,0.2,1.0,1.2,0.4,0.0,0.0,0.4,0.6,1.0,0.25
Isaac Jones,jonesis01,SAC,PF,25.0,3.0,1.0,5.7,0.3,0.7,0.5,0.0,0.3,0.0,0.3,0.7,0.5,0.7,0.0,0.7,0.3,0.0,0.0,0.0,1.3,1.0,0.5
Stanley Umude,umudest01,SAS,SG,26.0,2.0,0.0,3.5,0.5,1.0,0.5,0.0,0.5,0.0,0.0,0.0,,0.0,0.0,0.0,0.5,0.5,0.0,0.0,1.0,1.0,0.5
Bismack Biyombo,biyombi01,SAS,C,33.0,25.0,1.0,5.6,0.4,0.6,0.6,0.0,0.0,,0.2,0.3,0.714,0.2,0.8,1.0,0.2,0.2,0.1,0.3,1.1,0.9,0.6
Johni Broome,broomjo01,PHI,C,23.0,11.0,0.0,5.0,0.4,2.2,0.167,0.0,0.5,0.0,0.2,0.5,0.333,0.6,0.8,1.5,0.4,0.3,0.2,0.3,0.6,0.9,0.167
Garrett Temple,templga01,TOR,SG,39.0,22.0,0.0,3.3,0.2,0.7,0.267,0.1,0.5,0.25,0.3,0.4,0.667,0.0,0.4,0.4,0.4,0.2,0.1,0.3,0.3,0.8,0.367
Xavier Tillman Sr.,tillmxa01,CHO,C,27.0,16.0,0.0,4.5,0.4,0.9,0.4,0.0,0.2,0.0,0.1,0.3,0.25,0.6,0.6,1.1,0.5,0.2,0.2,0.2,0.4,0.8,0.4
Vladislav Goldin,goldivl01,MIA,C,24.0,9.0,0.0,2.7,0.3,0.4,0.75,0.0,0.0,,0.1,0.1,1.0,0.3,0.7,1.0,0.3,0.0,0.3,0.3,0.6,0.8,0.75
Chris Mañon,manonch01,LAL,SG,24.0,9.0,0.0,5.1,0.2,0.7,0.333,0.0,0.3,0.0,0.3,0.4,0.75,0.2,0.9,1.1,0.3,0.6,0.2,0.1,0.7,0.8,0.333
Mason Plumlee,plumlma01,SAS,C,35.0,6.0,1.0,7.8,0.3,0.3,1.0,0.0,0.0,,0.2,0.3,0.5,1.2,1.0,2.2,0.7,0.7,0.0,0.5,1.2,0.8,1.0
Drew Peterson,peterdr01,CHO,PF,26.0,6.0,0.0,10.7,0.3,2.7,0.125,0.0,2.0,0.0,0.2,0.3,0.5,0.5,1.0,1.5,0.3,0.5,0.2,0.0,0.5,0.8,0.125
Markelle Fultz,fultzma01,TOR,PG,27.0,5.0,0.0,7.2,0.4,2.2,0.182,0.0,0.0,,0.0,0.0,,0.0,0.2,0.2,1.6,0.4,0.0,0.8,0.4,0.8,0.182
N'Faly Dante,nfalyda01,ATL,C,24.0,4.0,0.0,3.8,0.3,1.0,0.25,0.0,0.0,,0.3,0.3,1.0,0.8,1.0,1.8,0.0,0.5,0.0,0.3,0.3,0.8,0.25
Max Shulga,shulgma01,BOS,SG,23.0,11.0,1.0,3.3,0.2,0.7,0.25,0.1,0.4,0.25,0.2,0.2,1.0,0.3,0.3,0.5,0.2,0.1,0.0,0.3,0.9,0.6,0.313
Jahmyl Telfort,telfoja01,LAC,PF,24.0,8.0,0.0,4.0,0.0,0.5,0.0,0.0,0.5,0.0,0.1,0.5,0.25,0.0,0.4,0.4,0.1,0.1,0.0,0.1,0.6,0.1,0.0
Tosan Evbuomwan,evbuoto01,NYK,SF,24.0,5.0,0.0,1.6,0.0,0.2,0.0,0.0,0.0,,0.0,0.0,,0.2,0.2,0.4,0.0,0.0,0.0,0.0,0.2,0.0,0.0
Christian Koloko,kolokch01,LAL,C,25.0,2.0,0.0,3.0,0.0,0.0,,0.0,0.0,,0.0,0.0,,0.0,0.5,0.5,0.0,0.0,0.0,0.0,0.5,0.0,
Mo Bamba,bambamo01,TOR,C,27.0,2.0,0.0,3.0,0.0,1.0,0.0,0.0,0.0,,0.0,0.0,,0.5,0.5,1.0,0.0,0.0,0.5,0.0,1.0,0.0,0.0
Noa Essengue,essenno01,CHI,PF,19.0,2.0,0.0,3.0,0.0,1.5,0.0,0.0,1.0,0.0,0.0,0.0,,0.0,0.0,0.0,0.0,0.5,0.0,0.0,0.5,0.0,0.0
Chucky Hepburn,hepbuch01,TOR,PG,22.0,2.0,0.0,6.5,0.0,3.0,0.0,0.0,2.5,0.0,0.0,0.0,,0.0,0.5,0.5,1.0,0.5,0.0,0.5,1.0,0.0,0.0
RayJ Dennis,dennira01,LAC,PG,24.0,1.0,0.0,4.0,0.0,0.0,,0.0,0.0,,0.0,0.0,,0.0,2.0,2.0,0.0,0.0,0.0,1.0,0.0,0.0,
Patrick Baldwin Jr.,baldwpa01,PHI,SF,23.0,1.0,0.0,2.0,0.0,0.0,,0.0,0.0,,0.0,0.0,,0.0,1.0,1.0,0.0,0.0,0.0,0.0,0.0,0.0,
Darius Brown II,brownda04,CLE,SG,26.0,1.0,0.0,3.0,0.0,1.0,0.0,0.0,0.0,,0.0,0.0,,0.0,1.0,1.0,0.0,0.0,0.0,0.0,0.0,0.0,0.0
League Average,,,,,,,,,,0.471,,,0.36,,,0.783,,,,,,,,,,0.546
